day,ts,year,spot,k,c_mark,p_mark,y_exp,y_1h,y_2h,y_4h,cost_exp,cost_1h,cost_2h,cost_4h,net_short_exp,net_short_1h,net_short_2h,net_short_4h,net_long_exp,net_long_1h,net_long_2h,net_long_4h,compression,awakening,skip,adx_15m,adx_1h,adx_5m,atm_iv,atr14,atr_chg,awake_adx,awake_atr,awake_bbw,awake_chop,bbw,bbw_mean50,bbw_slope,breakout,call_iv_minus_put_iv,chop14,dist_1h_atr,iv_accel,iv_chg_15m,iv_chg_60m,iv_minus_rv1h,opt_vol_ratio,range_ratio,rv_1h,rv_4h,skew_25d,vol_ratio,vwap_crosses
2025-01-01,1735669800,2025,93961.0,94000.0,845.30825436,780.41223347,1045.72048783,179.84473331999993,298.1857612099998,494.70351673999994,38.35084055504301,56.877268991883525,56.16736934983981,56.09539560816531,1007.369647274957,122.9674643281164,242.01839186015997,438.60812113183465,-1084.071328385043,-236.72200231188344,-354.3531305598396,-550.7989123481652,3,0,,35.035073219476814,25.285261857345198,38.20335039982665,0.48515274249017226,299.87768472853014,-21.126784181214305,0.0,0.0,0.0,0.0,0.0209871165083647,0.013989779451857823,-0.0005810611666453441,0.0,0.062035204321146065,32.810153714500665,2.7177747511882853,nan,nan,nan,-0.649430696373906,nan,0.7773910160782365,1.1345834388640783,0.8423159772906395,nan,0.9285731260050222,1.0
2025-01-01,1735670700,2025,94070.0,94000.0,809.91868929,768.67831488,998.59700417,151.80720813999983,291.49350562999985,472.9442800700001,38.076498814898834,56.46348389191971,55.55724252706113,55.64362291601026,960.5205053551011,95.34372424808012,235.9362631029387,417.30065715398985,-1036.6735029848987,-208.27069203191954,-347.050748157061,-528.5879029860104,4,0,,35.1241278378542,25.285261857345198,36.608385174593856,0.4740058782696724,281.566426147442,-22.071080483282742,0.0,0.0,0.0,0.0,0.018394792811176938,0.01398351813316137,-0.0009595666904019112,0.0,-0.0172936058044435,47.478632875209954,3.2816412547572287,nan,-0.011146864220499875,nan,-0.15744247545124096,nan,0.7468879668049792,0.6314483537209133,0.7853419414244696,nan,0.3198657021442242,1.0
2025-01-01,1735671600,2025,93861.5,93800.0,838.23391098,694.27991983,1152.51383081,133.63423809000005,255.52864034999993,436.5196467699998,37.745194776949056,56.025481612285674,55.76151521508667,55.183060630292445,1114.7686360330508,77.60875647771438,199.76712513491327,381.3365861397073,-1190.259025586949,-189.6597197022857,-311.2901555650866,-491.70270740029224,5,0,,35.31435885194092,23.508412803415148,35.16944565066409,0.4646004873514175,269.81575737825443,-21.5634707805292,0.0,0.0,0.0,0.0,0.012521520023506129,0.014134615446722294,-0.0022889046421985266,0.0,0.05004717886447918,58.228130069988914,0.3613576944037218,0.0017414733022450002,-0.009405390918254874,nan,-0.004050793291159427,nan,0.6590292192240141,0.46865128064257694,0.7896069580435111,nan,0.43714207867457566,1.0
2025-01-01,1735672500,2025,94230.5,94200.0,737.18555517,766.74343094,723.9289861100001,163.85578968000004,261.0941504900002,430.7540638600001,37.63935683438339,55.5035821013398,54.817099576397275,54.95086798811233,686.2896292756167,108.35220757866024,206.2770509136029,375.80319587188774,-761.5683429443835,-219.35937178133986,-315.91125006639743,-485.70493184811244,5,0,,35.22151449290575,23.508412803415148,32.24884232986607,0.45762496493756777,251.73058271137938,-27.686386772894593,0.0,0.0,0.0,0.0,0.010107618660143161,0.01434214409277322,0.0003212940644116615,0.0,-0.03656041786074632,70.98930485394999,0.5819714014167636,0.0024298685044051305,-0.006975522413849744,nan,-0.01762453100191308,nan,0.5183894696089818,0.47524949593948085,0.7222366771753022,nan,0.9373780209621757,1.0
2025-01-01,1735673400,2025,93910.0,94000.0,717.13271251,728.743042,865.87575451,118.34102788999985,206.92455166000013,407.89834176,37.210428436910526,55.02695723170733,54.99782939934315,54.26566133314007,828.6653260730894,63.31407065829252,151.926722260657,353.6326804268599,-903.0861829469105,-173.3679851217072,-261.9223810593433,-462.1640030931401,7,0,,35.13530187380165,23.508412803415148,28.85021938961099,0.44401584982872,234.41038273210663,-19.530244803225003,0.0,0.0,0.0,0.0,0.005367260025326682,0.014181616828012174,-0.0019350137597954247,0.0,0.048266482353210405,76.04409023437718,0.6228393055731432,-0.006633592694998025,-0.013609115108847769,-0.04113689266145226,0.014947135516479526,nan,0.5837706903512313,0.4290687143122405,0.722206205832791,nan,0.26336466149975496,0.0
2025-01-01,1735674300,2025,93812.5,93800.0,792.3968869,634.39290913,1046.7897960300002,139.68629749000002,207.98356778000016,419.67484400000023,37.070985077090874,54.55172878925317,54.77942085222396,53.851522601239836,1009.7188109529093,85.13456870074685,153.2041469277762,365.8233213987604,-1083.860781107091,-194.23802627925318,-262.7629886322241,-473.52636660124006,5,2,,35.42566266821044,23.508412803415148,27.62477232726575,0.4427496651560068,215.68043398776905,-28.107670492961148,0.0,1.0,1.0,0.0,0.0057150056850064825,0.013922500378928044,0.00033632422313158855,0.0,0.09031041637063036,67.77085834605097,0.22486972556235849,0.012342930436134547,-0.001266184672713222,-0.03125621311366561,0.027490559880616217,nan,0.5521633856195389,0.41525910527539056,0.6807921499598835,nan,1.106836257142037,0.0
2025-01-01,1735675200,2025,94156.0,94200.0,701.25300081,697.62659191,618.8795927199999,121.89440225999988,220.93222123999976,401.38152464999985,36.96428683540662,54.98060727354423,54.42258842463661,53.69147343988025,581.9153058845933,66.91379498645566,166.50963281536315,347.6900512101196,-655.8438795554065,-176.8750095335441,-275.3548096646364,-455.0729980898801,7,0,,35.059827055864446,21.960967007426824,24.34703638693252,0.435613085925579,204.2087877081373,-10.754756586383223,0.0,0.0,0.0,0.0,0.004619709443218165,0.013609776300861005,-3.721245838395667e-05,0.0,0.029681447744369538,65.40291993977104,0.5753914967064754,-0.005870394557714542,-0.007136579230427764,-0.0289874014258385,0.0107427729253044,nan,0.8776924981431048,0.4248703130002746,0.6787604107693467,nan,0.3842739332042026,0.0
2025-01-01,1735676100,2025,93923.5,94000.0,635.10618291,704.96701352,760.07319643,97.23836081000013,197.79444708000005,343.77174132000005,36.54822526702641,53.725968009040294,54.38436685088468,53.28078356595319,723.5249711629737,43.51239280095984,143.41008022911538,290.49095775404686,-796.6214216970264,-150.96432881904042,-252.17881393088473,-397.05252488595323,5,2,,34.48909438625886,21.960967007426824,21.48714298209541,0.421262187436223,201.96727645582274,-9.680648768325085,0.0,1.0,1.0,0.0,0.004914197411659772,0.013304842468298635,4.176621428109324e-05,0.0,0.004182941466569945,62.850462911286876,1.2031652070782493,-0.007214319258928237,-0.014350898489356001,-0.036362777501344756,-0.03174838213882275,nan,0.8547994361143151,0.45301056957504576,0.6785145319371626,nan,0.5276187529011295,0.0
2025-01-01,1735677000,2025,94079.0,94000.0,705.70554937,621.82917725,747.5347266200001,88.58352377000028,196.51775553000016,375.5131204600002,36.50052879486681,54.28792975729944,54.245083847989115,52.931001649822846,711.0341978251333,34.295594012700846,142.27267168201104,322.58211881017735,-784.0352554148669,-142.8714535272997,-250.76283937798928,-428.44412210982307,7,0,,33.95912833591082,21.960967007426824,18.9301800821269,0.42028681218624114,187.76570931976772,-4.391357632656792,0.0,0.0,0.0,0.0,0.00483902896300046,0.013053075115783564,-6.480144242144818e-05,0.0,0.0030947297811507735,64.28283250489433,1.0358653915277134,0.013375523239374132,-0.0009753752499818691,-0.023729037642478856,0.014564606755441134,nan,1.0406128053186876,0.4057222054308,0.6661900075825918,nan,0.3183095781873796,0.0
2025-01-01,1735677900,2025,93670.5,93600.0,660.91707152,626.18642702,1107.1034985400001,68.29727029000014,181.45077444000026,355.33914846000016,33.1227437122323,53.87317948736539,53.731867813343726,52.46856369295663,1073.980754827768,14.424090802634751,127.71890662665653,302.8705847670435,-1140.2262422522324,-122.17044977736553,-235.182642253344,-407.8077121529568,3,3,,33.90340255016308,21.960967007426824,19.635416240652216,0.4126574333012104,188.92684525347292,-5.243918629353857,1.0,0.0,1.0,1.0,0.005990086433440068,0.01273775861183146,0.0007636166742939149,1.0,-0.022980562150478445,60.97100713372015,-0.052930540318838974,-0.006654003635048866,-0.007629378885030735,-0.03009223185479637,-0.0571154781862212,nan,1.0010162601626016,0.4697729114874316,0.6505362162020993,nan,1.0918546531544777,0.0
2025-01-01,1735678800,2025,93556.5,93600.0,708.13380363,568.85138683,1096.98519046,99.03781897999988,180.99100641999985,326.1805379499999,33.65832043820761,54.1586220274376,54.138186291551,53.24591491918837,1063.3268700217925,44.87919695256228,126.85282012844885,272.93462303081157,-1130.6435108982075,-153.1964410074375,-235.12919271155084,-379.42645286918827,0,5,,34.29979721711746,20.83587576570551,22.69109096941809,0.41330225542187693,194.943979235379,3.6766074239466207,1.0,1.0,1.0,1.0,0.007274164757645373,0.0123356844062041,0.0009123742409065114,0.0,0.11840888231992724,47.09129732153778,0.648904369840843,0.008274201005697257,0.0006448221206665217,-0.022310830503702084,-0.023702156689832388,nan,1.169971242621462,0.4370044121117093,0.6587480881487418,nan,1.89712448020356,0.0
2025-01-01,1735679700,2025,93546.5,93600.0,601.33502018,641.49981544,1062.83483562,100.55608626999992,169.6599133699999,324.52176749,32.81974274208389,53.69788432594216,53.17325389581283,52.118122591687325,1030.015092877916,46.85820194405776,116.48665947418709,272.4036448983127,-1095.6545783620838,-154.2539705959421,-222.83316726581273,-376.6398900816873,3,1,,34.66787797928938,20.83587576570551,24.727693589941442,0.40557855494320394,190.95897317060047,-1.4422352367307667,0.0,0.0,1.0,0.0,0.008924018514538137,0.011953862503394076,0.0006001293972391561,0.0,0.00871394708752643,46.69303714686927,0.6100786889753554,-0.008368522599339512,-0.00772370047867299,-0.015683632493019073,-0.009390534832480146,nan,1.140944645006017,0.4149690897756841,0.664512112419856,nan,0.35837100752872564,0.0
2025-01-01,1735680600,2025,93603.0,93600.0,669.36772602,569.58347683,1058.9512028499998,107.93423175999988,200.97379009999986,356.67252355999995,33.42940096250264,54.21595601562494,53.52663385873219,52.398628272055575,1025.5218018874973,53.718275744374935,147.44715624126766,304.27389528794436,-1092.3806038125024,-162.15018777562483,-254.50042395873206,-409.07115183205553,3,1,,35.00966725844902,20.83587576570551,24.043408897092558,0.40789867281913755,185.24375512237947,-12.404369830574865,0.0,0.0,1.0,0.0,0.00945617642970776,0.01167014161661015,0.00011516386008264198,0.0,0.06373001873493189,50.42239993840875,0.9339046268291703,0.010043818354606604,0.002320117875933614,-0.01238813936710359,-0.018946661836361012,nan,0.8441278065630398,0.42684533465549857,0.6580050720011189,nan,0.4083780503957415,0.0
2025-01-01,1735681500,2025,93901.0,94000.0,558.63879105,660.1674372,638.80622825,113.15350415000012,211.69127622000008,353.72245438000004,36.39243577520309,53.959559876314515,53.17297329935206,52.2113034534707,602.4137924747969,59.1939442736856,158.518302920648,301.51115092652935,-675.1986640252031,-167.11306402631465,-264.86424951935214,-405.93375783347074,5,0,,34.40639301311903,20.83587576570551,20.524194673198146,0.40241946935653683,181.61553571569522,-3.7623544160980487,0.0,0.0,0.0,0.0,0.008222737030277096,0.01142309411694933,-0.0004106538108575603,0.0,-0.0016768944263456653,61.752701436449456,1.7481984608245253,-0.007799321338534337,-0.0054792034626007236,-0.010237963944673578,-0.05089438259592732,nan,0.9992784992784993,0.45331385195246415,0.489178262875255,nan,0.47108639992728046,0.0
2025-01-01,1735682400,2025,93871.5,93800.0,607.84100965,570.10636183,797.9473714800001,81.95318743999997,180.44930341000008,309.79687435000005,36.1423015893,53.58016744264338,52.86948819377362,51.92279477044272,761.8050698907001,28.373019997356586,127.57981521622646,257.87407957955736,-834.0896730693001,-135.53335488264335,-233.31879160377372,-361.71966912044275,7,0,,33.84620978531261,19.791148184107147,17.091709373162438,0.3932314233481884,159.5966953233901,-29.335420062743225,0.0,0.0,0.0,0.0,0.006954600807574889,0.010533353765844678,-0.00017847311516793786,0.0,-0.022597178518772132,60.72761943531307,0.49499771809135923,-0.0037088425457477148,-0.009188046008348438,-0.020070832073688538,0.009737620666089575,nan,0.41190409813214385,0.3834938026820988,0.43024980148020003,nan,0.24166019004761924,0.0
2025-01-01,1735683300,2025,93753.5,93800.0,582.03179323,560.24695612,762.27874935,69.10382709999999,145.97729424,313.0725083100001,36.52014158392827,53.831652737657215,53.25269988285506,52.04941396582353,725.7586077660717,15.272174362342774,92.72459435714492,261.02309434417657,-798.7988909339283,-122.9354798376572,-199.22999412285506,-365.12192227582364,8,0,,33.63975508338767,19.791148184107147,15.379713341423079,0.38526580303907393,144.40413251657728,-20.815385523996667,0.0,0.0,0.0,0.0,0.005186546777369678,0.009495051658849627,-0.00026728601239569584,0.0,0.04611162245273592,62.86805163031027,1.3642268858017954,0.0012224256992339755,-0.007965620309114463,-0.02031275190413001,0.0386006088675801,nan,0.5012357120790856,0.34666519417149383,0.41739210217631867,nan,0.5260926435433675,0.0
2025-01-01,1735684200,2025,93711.0,93800.0,539.56676509,591.450206,751.01697109,93.03955833999999,178.99536493000005,330.19823189,36.42855505319231,53.48378794942186,52.85902790814835,51.738291679055685,714.5884160368076,39.555770390578125,126.1363370218517,278.4599402109443,-787.4455261431923,-146.52334628942185,-231.85439283814839,-381.9365235690557,8,1,,33.75480439326217,19.791148184107147,14.452714077581115,0.384513089209795,146.82666878240533,-3.1470123892932804,0.0,1.0,0.0,0.0,0.005309991266876365,0.008497981245208345,-7.113716003444986e-05,0.0,0.025337672531604738,66.06574025922741,1.546040660613299,0.007212906479835524,-0.0007527138292789393,-0.023385583609342564,0.0001234172535781175,nan,0.8661608007749435,0.38438967195621687,0.40522802977160405,nan,0.7254879046394764,0.0
2025-01-01,1735685100,2025,93759.5,93800.0,555.29525676,550.35746734,725.6527240999999,98.53777206999996,173.8883740199999,333.93119841,36.251124101181425,53.03166162533039,52.55494408190576,51.3829888991314,689.4015999988185,45.50611044466957,121.33342993809414,282.54820951086856,-761.9038482011813,-151.56943369533036,-226.44331810190567,-385.3141873091314,7,1,,33.84828392720408,19.791148184107147,13.094013311313555,0.3799097344279288,139.5443481468457,-7.15360284959084,0.0,0.0,1.0,0.0,0.005050269648554752,0.007550490745681375,5.221454223887367e-06,0.0,0.03125275552272788,65.34849038163605,1.368740493875154,-0.0038506409525872476,-0.004603354781866187,-0.022509734928608027,0.08584376385224957,nan,0.8198554714384032,0.29406597057567924,0.40399477542448714,nan,0.5339068195594231,0.0
2025-01-01,1735686000,2025,93469.5,93400.0,579.02196225,516.97222179,1075.9941840400002,98.49611597000012,145.18953153000007,342.90342823000015,27.47986585341339,52.84905245788702,52.66746033439415,51.14887757792047,1048.5143181865867,45.6470635121131,92.52207119560592,291.7545506520797,-1103.4740498934136,-151.34516842788713,-197.85699186439422,-394.0523058079206,2,5,,34.529725064482236,19.010060985980818,14.83653294971519,0.3812728431820869,144.27840119483236,0.3844878059216228,1.0,1.0,1.0,1.0,0.0053724728040589476,0.006758043832132851,0.0005013609883217666,0.0,-0.005196945071220371,47.74677854215222,0.8767771125296534,0.005966463536024258,0.001363108754158071,-0.011958580166101518,0.0009054753867282495,nan,1.0400372439478585,0.3803673677953586,0.41157108182029384,nan,2.8133465878478363,0.0
2025-01-01,1735686900,2025,93679.5,93600.0,589.86407491,483.31084734,893.17492225,76.87346714,154.8618541200001,343.34612352,32.95351115379894,52.72806945272573,52.25189100340238,50.82560208563148,860.2214110962011,24.145397687274276,102.60996311659771,292.5205214343685,-926.1284334037989,-129.60153659272572,-207.11374512340245,-394.1717256056315,3,3,,35.16249183481195,19.010060985980818,16.800947310242403,0.37597477287054054,155.6819050382823,16.151319136155166,0.0,1.0,1.0,1.0,0.0062865304489896755,0.0063665719420811576,7.097817513975965e-06,0.0,0.019022549986839166,54.759963463920165,1.1497803804236835,-0.0066611790657044034,-0.005298070311546332,-0.009291030168533387,-0.0833294642933246,nan,1.6204627044276028,0.45930423716386515,0.4126246790123583,nan,0.648750512085211,0.0
2025-01-01,1735687800,2025,93696.5,93600.0,580.46578226,457.51163049,857.97741275,85.95580659000007,155.69873346000008,335.60131808999995,32.69723289629956,52.1697057512556,51.6664602058525,50.33928477188031,825.2801798537005,33.78610083874447,104.03227325414758,285.2620333181196,-890.6746456462995,-138.12551234125567,-207.3651936658526,-385.9406028618803,6,0,,35.75006097868955,19.010060985980818,15.869944404230237,0.366857440173626,142.40256755433904,-12.94717633304191,0.0,0.0,0.0,0.0,0.005241928176753777,0.006142949115998426,-0.0002869317677258723,0.0,0.018803643584251406,54.681110899041585,1.1376199374929306,-0.0038192623853682273,-0.00911733269691456,-0.017655649036169008,-0.04555588604847055,nan,0.7900635039223011,0.41241332622209653,0.40120880884777776,nan,0.4713778283650922,0.0
2025-01-01,1735688700,2025,93461.5,93400.0,564.86858515,442.24636688,987.1149520299999,75.35060194999994,142.03117815999997,311.31942582,26.822537524218966,51.768357504943296,51.28340520248657,50.02033964236726,960.2924145057809,23.582244445056645,90.7477729575134,261.2990861776327,-1013.9374895542189,-127.11895945494324,-193.31458336248653,-361.33976546236727,5,2,,36.62438812175821,19.010060985980818,16.691859778650574,0.3609665231406688,137.32559800177947,-6.377167056739495,1.0,0.0,1.0,0.0,0.005114147887948493,0.006091305075714487,3.02619656182097e-05,0.0,0.0439197328686714,54.47980905355308,0.862912681424948,0.0032264156639573716,-0.005890917032957188,-0.01894321128726001,-0.07852348932898173,nan,0.9876292841208679,0.4394900124696505,0.41036858791664294,nan,0.337307299059947,0.0
2025-01-01,1735689600,2025,93549.5,93600.0,517.61385391,479.88421416,817.49806807,46.69341555999995,129.34757093999997,310.32882464,32.36918660454363,51.95678108552439,51.19167978568636,49.90104620613809,785.1288814654564,-5.263365525524442,78.15589115431361,260.42777843386193,-849.8672546745437,-98.65019664552435,-180.53925072568632,-360.22987084613806,6,0,,37.43626332603625,18.284765730577796,14.722799030032451,0.3608021946251392,133.11783484326148,-10.040501466347166,0.0,0.0,0.0,0.0,0.004793557447824283,0.006065870427316058,-0.00012774235387895579,0.0,0.06393271535634998,59.338437234224564,1.4010143736156235,0.005726588517427578,-0.00016432851552961036,-0.02047064855694769,-0.02347320776345796,nan,0.7335943325876212,0.38427540238859714,0.3985959512065238,nan,0.9852632445560449,0.0
2025-01-01,1735690500,2025,93620.5,93600.0,562.77701654,433.52443857,816.30145511,77.98838698000009,167.0952140700001,308.12120913,32.37455829899678,51.672938148600224,50.945830680892044,51.19327394065507,783.9268968110032,26.315448831399863,116.14938338910807,256.92793518934496,-848.6760134089968,-129.6613251286003,-218.04104475089215,-359.31448307065506,7,2,,38.19014744429443,18.284765730577796,13.079075739741935,0.3642949563264846,134.62277082749472,-0.15797438832532862,1.0,1.0,0.0,0.0,0.004655363958870336,0.006072298907579998,-3.222726778957796e-05,0.0,0.07955314457416551,62.56547565910862,0.8579529249773161,0.0036570902168750474,0.003492761701345437,-0.011679816544055921,0.05411265285758615,nan,0.9805540267840763,0.31018230346889847,0.37940990659696944,nan,0.42737943382757365,3.0
2025-01-01,1735691400,2025,93743.5,93800.0,482.54541111,469.47619505,572.0216061599999,69.74292687000002,151.20286695999994,272.45098717999986,35.114472855026044,51.04170016457899,50.424209480889424,49.52817174139951,536.9071333049739,18.70122670542103,100.7786574791105,222.92281543860034,-607.136079015026,-120.78462703457902,-201.62707644088937,-321.97915892139935,5,2,,37.57819827925254,18.284765730577796,12.767507290646986,0.3509128896892071,139.21072431049777,6.57850957319576,1.0,0.0,0.0,1.0,0.00460100923553483,0.006059076464317756,-6.041390573525811e-05,1.0,0.051402703225612745,55.18372198307571,-0.05387515966996827,-0.01687482833862297,-0.013382066637277534,-0.015944550484418896,0.007100279534285048,nan,1.2296015180265654,0.34381261015492204,0.386262281525759,nan,0.2507302304756625,3.0
2025-01-01,1735692300,2025,93857.5,93800.0,505.52828172,426.23606836,551.76435008,66.68057621000003,160.04282439000008,274.06874560999995,34.987819980794335,50.806687659061936,50.11968477874431,50.54077922762595,516.7765300992056,15.87388855093809,109.92313961125578,223.52796638237402,-586.7521700607944,-117.48726386906196,-210.16250916874438,-324.6095248376259,6,2,,36.59425036754518,18.284765730577796,16.241633182664454,0.3470003095269203,135.76656753285846,-10.729597109216058,1.0,0.0,0.0,1.0,0.0055122227618795965,0.006095142841670494,-0.00017109138403045756,1.0,0.016271051168441797,49.69169834803785,-0.8949184044930234,0.00946948647499074,-0.003912580162286794,-0.013966213613748502,0.063654640329243,nan,0.7221552762954037,0.2833456691976773,0.37271748928013987,nan,1.3320856050126129,3.0
2025-01-01,1735693200,2025,94364.0,94400.0,411.94246251,538.86219,-29.195347489999904,82.65415538000002,197.71389670000008,309.14818187000014,35.22959448105077,51.01008766219349,50.25660620555785,49.33057244070626,-64.42494197105067,31.64406771780653,147.45729049444222,259.8176094292939,-6.034246991050864,-133.6642430421935,-247.97050290555794,-358.4787543107064,1,4,,34.63016255882758,17.450057783834932,22.666406953952052,0.3562618200480937,159.01517815950803,18.88195158566046,1.0,1.0,1.0,0.0,0.01029197945960929,0.006240043607814826,0.002142997422356841,0.0,-0.0681981185078619,25.981004783726974,0.5345401676985612,0.013174090683460205,0.00926151052117341,-0.004540374577045481,0.004972589111970127,nan,1.490341216826142,0.3512892309361236,0.384675118060813,nan,3.597389445257117,3.0
2025-01-01,1735694100,2025,94116.5,94200.0,402.52754288,515.78552525,138.31306812999992,89.10682709000002,188.4842693999999,284.54571734,34.940379849673434,50.469652231568695,49.77047078150598,48.9966538930589,103.37268828032649,38.63717485843133,138.7137986184939,235.54906344694112,-173.25344797967335,-139.5764793215687,-238.2547401815059,-333.54237123305893,1,2,,32.80636673644695,17.450057783834932,24.59535542542189,0.34813157379627224,167.81736385438742,17.454864297994163,1.0,0.0,1.0,0.0,0.011160502047603882,0.0064748912265700405,0.00012425276809475624,0.0,-0.022682391405105695,27.95512716354225,1.9813205997473848,-0.01739175677299487,-0.00813024625182146,-0.016163382530212378,-0.13359027417681157,nan,1.6221935958778064,0.4817218479730838,0.3986445397743782,nan,1.279003603717519,3.0
2025-01-01,1735695000,2025,93800.0,93800.0,498.94740876,383.33127053,502.2786792899999,81.45994008999992,179.90258462999986,228.13579634999996,34.61122730962295,49.92096393548632,49.21127918520369,50.1121112608241,467.66745198037694,31.5389761545136,130.69130544479617,178.02368508917587,-536.8899065996228,-131.38090402548625,-229.11386381520356,-278.2479076108241,4,0,,30.736812138596658,17.450057783834932,21.893105599945255,0.34062116578221313,163.44342142423076,-8.475278111263407,0.0,0.0,0.0,0.0,0.009409967900713507,0.006544524981881733,-0.0005391228436931825,0.0,0.08927291601896276,38.98802672907166,2.0802305595249515,0.000619838237762349,-0.007510408014059111,-0.010291723906993955,-0.16962812963954987,nan,0.8517887563884156,0.510249295421763,0.4039165833086676,nan,0.6889590633155974,4.0
2025-01-01,1735695900,2025,93892.5,93800.0,504.03539284,361.04838103,485.08377386999996,93.36224818000005,169.28824766000002,228.33444733,34.50286767833761,49.63473247628758,49.05866979648591,49.90942518503377,450.58090619166234,43.72751570371247,120.22957786351412,178.42502214496622,-519.5866415483375,-142.99698065628763,-218.34691745648593,-278.2438725150338,5,0,,28.79644307574148,17.450057783834932,19.816778808962876,0.3366267931461334,151.83589536043547,-15.680096942582253,0.0,0.0,0.0,0.0,0.008137280023244955,0.006499786789244192,-0.0003504406943534103,0.0,0.03958190619945523,46.08556530023846,2.848470047041975,0.0035160353779793985,-0.003994372636079713,-0.010373516380786874,-0.186453976733847,nan,0.6419174353546047,0.5230807698799804,0.3923591664307964,nan,0.3581476418812876,4.0
2025-01-01,1735696800,2025,93587.5,93600.0,467.05723028,401.09326685,688.1504971300001,115.05974132000006,180.98125370000002,246.2628126200001,31.422493181212737,49.491504905719815,48.9543527828072,49.78951291573908,656.7280039487873,65.56823641428025,132.02690091719282,196.47329970426102,-719.5729903112128,-164.55124622571986,-229.93560648280723,-296.05232553573916,4,0,,27.558478295619857,16.67497183328799,18.31800665148513,0.34417750254273416,153.979395811544,-4.42079919200188,0.0,0.0,0.0,0.0,0.008131673663068223,0.006482028939351854,0.0005499914447355909,0.0,0.062222806513309525,34.72612788077899,0.27601095442675927,0.011545082032680454,0.007550709396600741,-0.012084317505359543,-0.06783713955820192,nan,0.8432108027006752,0.4120146421009361,0.40856751809423864,nan,0.5413508571280878,4.0
2025-01-01,1735697700,2025,93768.0,93800.0,397.41192676,431.79431428,449.2062410399999,99.37744230999988,141.0259950599999,226.44971309999983,34.21327238196526,49.043363313797805,49.98998802362354,49.21813664487849,414.9929686580346,50.334078996202074,91.03600703637636,177.23157645512134,-483.4195134219652,-148.4208056237977,-191.01598308362344,-275.6678497448783,5,0,,26.408939571221204,16.67497183328799,15.375925929297507,0.3321148972213268,152.55420284182296,-9.038992647532126,0.0,0.0,0.0,0.0,0.008398185848116179,0.006569182313932298,0.00010237795456891595,0.0,-0.0019102260470391097,49.452824356325074,1.4617755253273443,-0.01961331471800809,-0.01206260532140735,-0.016016676574945432,-0.0651214323002331,nan,0.7302795258305284,0.3972363295215599,0.4136390232743693,nan,0.5613920307998138,1.0
2025-01-01,1735698600,2025,93717.5,93800.0,407.93309606,392.88564314,420.8187392,98.44264453999995,121.24812021999992,212.16907878999996,33.99373662593338,48.59378850151413,48.40743551230684,48.85226005568484,386.8250025740666,49.84885603848581,72.84068470769307,163.31681873431512,-454.81247582593335,-147.03643304151407,-169.65555573230677,-261.0213388456848,5,0,,25.341510755708175,16.67497183328799,12.729171618383395,0.3240612384676933,138.11646634237792,-15.518829025739137,0.0,0.0,0.0,0.0,0.008901247915687324,0.006777539318583067,0.00012014954226367142,0.0,0.07949484884738922,61.79271358692378,1.2489459408293033,0.004008946567773841,-0.008053658753633508,-0.01655992731451983,-0.040665738702346466,nan,0.5829153366773066,0.36472697717003977,0.39975431846204357,nan,0.5065194947550888,1.0
2025-01-01,1735699500,2025,93901.5,94000.0,346.20766432,425.51386137,191.7215256899999,75.92599947999997,114.02592121999987,192.94602559999998,33.81586479801998,48.37166691616828,49.3688240448516,47.61832671227553,157.90566089197992,27.554332563831693,64.65709717514827,145.32769888772447,-225.5373904880199,-124.29766639616825,-163.39474526485148,-240.5643523122755,6,1,,23.63092353243236,16.67497183328799,12.717742943619927,0.3152701090276241,128.74831507077414,-15.954033297940555,1.0,0.0,0.0,0.0,0.0059771125001440405,0.006871722336311452,-0.0004902984454674174,0.0,0.015847663581371407,61.6391567077409,2.7689682758491143,-0.0007374706864357039,-0.008791129440069212,-0.021356684118509328,-0.0275803873658656,nan,0.5014635649360653,0.3428504963934897,0.40086026485986354,nan,0.9258881975896818,1.0
2025-01-01,1735700400,2025,94064.5,94000.0,403.8582217,349.23253411,173.09075581000002,65.92151237999997,111.43428517000007,196.50897553000004,33.7110117245771,48.20087132617155,47.811989684232586,47.95447981739527,139.3797440854229,17.720641053828416,63.62229548576748,148.55449571260476,-206.80176753457712,-114.12238370617152,-159.24627485423264,-244.46345534739532,5,1,,22.635485648314233,15.955249164922973,16.07356018701707,0.3125319200754165,123.44517063064534,-9.091476368649907,1.0,0.0,0.0,0.0,0.005501137307953618,0.006901549332780761,0.00037503530315376263,0.0,-0.008234271407127403,49.41858170173854,0.14581372368026432,0.006052940487861647,-0.0027381889522075653,-0.031645582467317634,0.09031108696675105,nan,0.7012750455373407,0.22222083310866547,0.3802101215850715,nan,1.0173323885575982,2.0
2025-01-01,1735701300,2025,93938.0,94000.0,341.11279767,388.71600106,149.82879873000002,41.64855275000002,96.06144794000011,190.39719895000007,33.51409093190255,49.29080657356083,47.570364975288015,46.48983915961979,116.31470779809746,-7.642253823560807,48.49108296471209,143.90735979038027,-183.34288966190257,-90.93935932356085,-143.63181291528812,-236.88703810961988,7,1,,21.71115047020455,15.955249164922973,17.188607116731063,0.30739275023341184,116.21393581469671,-11.26547871061365,1.0,0.0,0.0,0.0,0.005712378324057634,0.006912555637517835,-3.972120152257851e-05,0.0,0.01218365818262096,54.79400363045742,1.2433964910232922,-0.002400980889797122,-0.005139169842004687,-0.024722146987914972,0.09413837134752223,nan,0.6950398040416412,0.2132543788858896,0.3640190789043013,nan,0.4104553311314707,2.0
2025-01-01,1735702200,2025,93800.5,93800.0,377.2687304,325.10736426,322.37609466000004,22.805475679999972,48.2332117200001,174.4041574800001,33.284051875650746,47.69775076202422,48.784935826851914,48.355716199924935,289.0920427843493,-24.89227508202425,-0.5517241068518146,126.04844128007517,-355.66014653565077,-70.50322644202419,-97.01814754685202,-222.75987367992502,7,0,,20.425611784845422,15.955249164922973,14.70718002851376,0.30138286232948297,110.19060385746671,-12.616711635283593,0.0,0.0,0.0,0.0,0.005625680114118699,0.006882637061358539,-9.212256594825011e-07,0.0,0.04433508992195123,54.52652457168114,2.123593045217201,-0.0008707180619241806,-0.006009887903928868,-0.022678376138210332,0.06004747643901426,nan,0.6388948845240665,0.2413353858904687,0.3656668826838944,nan,0.4681689856097966,2.0
2025-01-01,1735703100,2025,93822.0,93800.0,383.08306895,312.71245726,315.79552620999993,38.0999217399999,59.046199669999964,188.69397303999995,33.2398021182183,48.79276136504992,48.64635962491446,47.26770776397499,282.55572409178166,-10.69283962505002,10.399840045085504,141.42626527602496,-349.0353283282182,-86.89268310504983,-107.69255929491442,-235.96168080397493,5,0,,19.23189729129766,15.955249164922973,13.159188901093971,0.30291743785142894,99.03070578529677,-17.097636830436613,0.0,0.0,0.0,0.0,0.004535311527056474,0.00685229090582512,-0.00012756532071449452,0.0,0.04214394390583032,59.041456408751195,2.5800078669936575,0.007544463425874837,0.001534575521945969,-0.012352671176195151,0.09332328269533177,nan,0.42926506290002203,0.20959415515609717,0.3513177027202298,nan,1.065186234617729,2.0
2025-01-01,1735704000,2025,93810.5,93800.0,345.27232257,341.89692086,307.16924343000005,45.5127727900001,65.28155892000007,202.64616718000002,33.17385960166447,47.27483756131996,48.49887933619081,45.5609394263272,273.9953838283356,-1.7620647713198636,16.782679583809255,157.08522775367283,-340.3431030316645,-92.78761035132007,-113.78043825619088,-248.20710660632722,6,1,,18.489303673957323,15.286935258584029,14.001829977462274,0.3038935194909572,93.9041401641024,-8.359696835447977,1.0,0.0,0.0,0.0,0.00413292043912606,0.006799138666190998,-0.00012511618841719915,0.0,-0.006302630603313486,52.52888635975557,1.256600612004847,-0.0005584938824176877,0.0009760816395282812,-0.008638400584459305,0.1273229199418549,nan,0.747051114023591,0.17657059954910231,0.34646601359903334,nan,0.34925897355938884,2.0
2025-01-01,1735704900,2025,93686.5,93600.0,398.88592434,289.29432164,508.18024598,54.412895190000086,85.42371803999993,248.37541740999995,31.418715641728284,48.51698968511375,49.465579904641515,45.73938144123651,476.7615303382717,5.895905504886336,35.95813813535841,202.63603596876345,-539.5989616217282,-102.92988487511383,-134.88929794464144,-294.11479885123646,4,4,,17.993893714189625,15.286935258584029,16.371433714327928,0.3082021982967854,91.17288481797848,-6.646958435670257,1.0,0.0,1.0,0.0,0.004162554553165254,0.006748145226803023,0.0002172017484772552,1.0,0.020894407927990077,51.877221813978096,-0.0658090397378416,0.003332597166299911,0.004308678805828192,0.0008094480633735746,0.14854514609959488,nan,0.8443271767810026,0.15965705219719054,0.3428631368270771,nan,1.69931753092438,2.0
2025-01-01,1735705800,2025,93710.0,93800.0,312.05509574,367.51552324,299.57061898000006,25.427736040000127,90.92095857000004,250.05786506000004,33.09769888644347,48.59858283764462,47.956222316194925,43.8938110213372,266.4729200935566,-23.170846797644494,42.964736253805114,206.16405403866284,-332.66831786644354,-74.02631887764474,-138.87718088619496,-293.95167608133727,6,3,,17.593405088457672,15.286935258584029,17.556780229206538,0.3088320003449916,86.19108161264532,-8.30279434517766,1.0,0.0,1.0,0.0,0.004725846103533685,0.006742537641602387,4.797715968352101e-05,0.0,0.03175020247697824,68.57175983860209,0.20303724785178387,-0.0036788767576220183,0.0006298020482061739,0.007449138015508616,0.1798119722671661,nan,0.7247868274037047,0.12902002807782548,0.33184482815438004,nan,0.3527133044695465,2.0
2025-01-01,1735706700,2025,93614.0,93600.0,364.92949412,292.76611035,477.69560447000003,20.946277930000065,78.92010438000011,248.20643845000006,31.19495924690162,49.64351675359778,48.03942116115717,44.094246504551066,446.5006452230984,-28.697238823597715,30.88068321884294,204.112191945449,-508.8905637169017,-70.58979468359784,-126.95952554115729,-292.3006849545511,7,2,,17.480281075543427,15.286935258584029,19.490949834057062,0.306158724874258,79.78746585385633,-8.802929728992467,1.0,0.0,0.0,1.0,0.004039307122394092,0.006709174433887171,-0.00012066872284287496,1.0,0.05416639655828487,58.45317375569934,-0.9838638081799147,-0.0033030775189397676,-0.0026732754707335937,0.0032412870228290536,0.16940205935408673,nan,0.6809759110562075,0.13675666552017127,0.3270659894993229,nan,0.6337746356754594,2.0
2025-01-01,1735707600,2025,93545.0,93600.0,308.88917938,332.76729126,461.65647063999995,19.768786129999967,85.07469035999998,244.83548665999996,29.7429779597255,48.109997694251845,47.028446052543686,42.04830550805575,431.91349268027443,-28.34121156425188,38.04624430745629,202.7871811519442,-491.3994485997255,-67.87878382425181,-132.10313641254368,-286.8837921680557,3,5,,17.796512456860125,14.297650741365656,20.83294787680913,0.303421279489994,83.06780702657521,-0.8571562006546856,1.0,1.0,1.0,1.0,0.003769259930787232,0.006583898887720332,0.00027386042248345654,0.0,0.029572291970253017,51.75189052325128,0.5116302153781828,-6.416991353042079e-05,-0.0027374453842640145,-0.00047224000096324215,0.17449489598332305,nan,1.0245358090185677,0.12892638350667093,0.28168740993111135,nan,2.9872963640343757,1.0
2025-01-01,1735708500,2025,93612.5,93600.0,330.16338304,303.60396775,453.7673507899999,31.01082284999984,94.33575100999997,269.91771774999995,29.69827404345547,47.7451383063687,45.71602227117271,40.45770858532686,424.06907674654445,-16.73431545636886,48.619728738827256,229.4600091646731,-483.46562483345537,-78.75596115636854,-140.05177328117267,-310.37542633532684,2,1,,18.03343296765687,14.297650741365656,21.519526396512283,0.30576046988368033,79.96719097572365,2.1249372547965066,0.0,1.0,0.0,0.0,0.0038869534322742124,0.006235201053065652,-8.147003321491361e-05,0.0,0.013569371402263608,55.2426609278857,1.3755641364643367,0.005076635777950367,0.0023391903936863523,-0.002441728413105082,0.1716203247857177,nan,1.2535816618911175,0.13414014509796263,0.24706925579135666,nan,1.2664379065061286,1.0
2025-01-01,1735709400,2025,93866.5,93800.0,378.31572703,275.82715591,274.14288293999994,65.49322252999991,126.17094576,295.22876707999995,34.18488395127116,49.04340738102262,49.25654827554534,41.67091209715642,239.95799898872878,16.449815148977294,76.91439748445465,253.55785498284354,-308.3277668912711,-114.53662991102253,-175.42749403554535,-336.8996791771564,1,5,,16.890043766982224,14.297650741365656,20.320746517276685,0.3198025274276733,88.50980997582539,10.160527386584533,1.0,1.0,1.0,0.0,0.0036903425269266123,0.005789501166570863,0.00042912323531995927,1.0,0.03542327940464007,38.97638639851102,-0.6326982287646447,0.011702867150306606,0.014042057543992958,0.010970527082681703,0.0989538413689045,nan,1.636462486408119,0.22084868605876878,0.24705539257033207,nan,3.8301410093070465,1.0
2025-01-01,1735710300,2025,93827.0,93800.0,351.62826878,285.12105776,256.74932653999997,57.97382645000005,129.64777336999998,296.13325434,34.09055750676616,47.89301942102172,48.11846315252285,40.71866455086375,222.6587690332338,10.080807028978327,81.52931021747713,255.41458978913624,-290.83988404676614,-105.86684587102177,-177.76623652252283,-336.8519188908638,2,1,,15.836868540446824,14.297650741365656,21.09229235246235,0.31840179413557057,87.70446520294766,8.80928522898185,0.0,0.0,1.0,0.0,0.0038521900511852927,0.005446062542449345,0.00016864362459086514,1.0,0.03955632746219634,39.02422659303113,-0.1881318124660938,-0.015442790836095677,-0.0014007332921027182,0.012243069261312578,0.10223138474316998,nan,1.6088598901098903,0.2161704093924006,0.23473618796013068,nan,1.1696192528059761,3.0
2025-01-01,1735711200,2025,93760.0,93800.0,294.32819623,327.55948828,241.88768450999999,65.30590423000001,137.36460825999995,294.53188280999996,34.00901973459635,48.25248782741454,46.39609955925909,40.0154064413318,207.87866477540365,17.05341640258547,90.96850870074087,254.51647636866815,-275.8967042445963,-113.55839205741455,-183.76070781925904,-334.54728925133173,6,1,,14.7892487554071,13.575324618309182,19.59739035577061,0.31725974813103675,76.73185497480904,-10.988338320673051,0.0,0.0,1.0,0.0,0.004228688027816128,0.005212754008290021,6.434117389656803e-05,0.0,0.006924550831317822,38.99095387434491,2.020021541912238,0.0002586872875688928,-0.0011420460045338254,0.013838468641042767,0.10970508223327341,nan,0.579552517091361,0.20755466589776334,0.203307761208993,nan,0.987372884536005,4.0
2025-01-01,1735712100,2025,93580.5,93600.0,335.93015404,266.8263739,422.75652794000007,63.32492816000013,162.95169937000003,302.9056526600001,30.646864262983236,46.66461249070048,44.967530062491456,38.405656452550765,392.10966367701684,16.66031566929965,117.98416930750858,264.4999962074493,-453.4033922029833,-109.9895406507006,-207.91922943249148,-341.3113091125509,5,2,,14.650327015211825,13.575324618309182,18.37028845577148,0.3150586383044719,75.54314335993274,-5.821931228323152,1.0,0.0,1.0,0.0,0.004351476682025142,0.004992815105482747,0.00010397489910949666,0.0,0.09268946200609213,44.185363095191654,0.8008668597723263,-0.0010590638220310256,-0.002201109826564851,0.009298168420791564,0.07970704060617292,nan,0.7431551499348109,0.23535159769829897,0.188913510314993,nan,1.002547875400674,4.0
2025-01-01,1735713000,2025,93634.0,93600.0,323.02845295,265.62120746,408.64966041,60.67772323000008,159.13690649,321.01231234,30.50052342982146,48.61418775409564,44.33863556471519,36.74895389602702,378.1491369801786,12.063535475904445,114.79827092528481,284.26335844397295,-439.15018383982147,-109.29191098409572,-203.4755420547152,-357.76126623602704,7,0,,14.521328256459071,13.575324618309182,17.818552963526486,0.31428242772817605,73.31697739131641,-2.3064077655342317,0.0,0.0,0.0,0.0,0.004270072743622123,0.00474655402408175,-4.0736582525964515e-05,0.0,0.025047829747199934,45.87723492375584,1.5548922508295062,0.0014248992502690072,-0.0007762105762958438,-0.0055200996994972384,0.17248826856980098,nan,0.9049697783747481,0.14179415915837507,0.18867250311557066,nan,0.3725322247059561,4.0
2025-01-01,1735713900,2025,93675.0,93600.0,338.14435638,240.63114371,398.7755000899999,71.67394691999993,169.28633406999995,336.8494442599999,29.444461914325558,46.51436756008225,42.343749171975,34.48739410012503,369.3310381756744,25.159579359917686,126.94258489802496,302.3620501598749,-428.21996200432545,-118.18831448008218,-211.63008324197494,-371.33683836012494,6,0,,14.66601286382926,13.575324618309182,18.619767850188556,0.31484791114926325,73.32704057169174,-2.3989350804951783,0.0,0.0,0.0,0.0,0.004005098258610591,0.004478329348842976,-0.0001712072969264171,0.0,0.02476006895303723,46.7401365468784,2.1138177511535696,0.0013416939973830422,0.0005654834210871984,-0.003553882986307322,0.15960165339159604,nan,0.8430045132172792,0.1552462577576672,0.1829488415574567,nan,0.7393791020333135,4.0
2025-01-01,1735714800,2025,93734.0,93800.0,255.78864936,300.79313092,176.58178027999998,72.05870402999994,159.76079629999998,356.87037786999997,32.927468092888176,45.31454791755091,42.190795641218436,36.31811603871521,143.6543121871118,26.744156112449033,117.57000065878154,320.55226183128474,-209.50924837288815,-117.37325194755086,-201.95159194121842,-393.1884939087152,6,1,,14.327685761808931,12.904593218328172,16.448147669287696,0.31009680941700934,70.18203649271382,-3.708622584492673,0.0,0.0,0.0,0.0,0.003721463005270046,0.00434209016953565,-8.624250437331941e-06,0.0,0.02360753864049908,49.75404610649773,0.3704651688569806,-0.005316585153341102,-0.004751101732253904,-0.0071629387140274,0.1376863589392575,nan,0.8165357020840451,0.17241045047775183,0.17750439358400588,nan,1.5476269641648706,4.0
2025-01-01,1735715700,2025,93650.0,93600.0,312.31523003,227.11636975,359.43159977999994,99.6267712099999,175.58196673999998,364.9914078599999,28.61774822778725,42.93841402729547,39.37718276965864,38.302807308177435,330.81385155221267,56.68835718270443,136.20478397034134,326.6886005518225,-388.0493480077872,-142.56518523729537,-214.95914950965863,-403.29421516817735,7,0,,14.066585658137058,12.904593218328172,15.590719023591758,0.3093585951626301,66.5695824251065,-4.972610720893002,0.0,0.0,0.0,0.0,0.003224132521491487,0.004224574292348215,-0.0001880740219067146,0.0,0.0405959841609001,60.718420072374826,1.6524063392429191,0.004012887477874649,-0.0007382142543792547,-0.005700043141841804,0.15045165375116182,nan,0.7305306685044797,0.15890694141146827,0.17376023421368128,nan,0.3491302075556219,4.0
2025-01-01,1735716600,2025,93759.5,93800.0,250.35051318,277.621424,147.97193717999994,98.45918325999992,169.05782131999996,351.32670816999996,33.75566432434418,44.551776459237914,41.24169247022944,35.35927240926017,114.21627285565576,53.907406800762004,127.81612884977052,315.9674357607398,-181.72760150434414,-143.01095971923783,-210.2995137902294,-386.6859805792601,6,0,,13.615048479399636,12.904593218328172,13.722480042731389,0.3108429798483848,63.691097881909236,-5.46076011435931,0.0,0.0,0.0,0.0,0.00247167649964542,0.00404671983748423,-0.00023504962669967195,0.0,0.0156360441446306,55.46076387430671,0.007850390660984658,0.0022225989401339907,0.001484384685754736,-0.0034394478797912242,0.1506866763077129,nan,0.7405236420476748,0.16015630354067192,0.16788631433812418,nan,0.8021321779285377,3.0
2025-01-01,1735717500,2025,93715.5,93800.0,227.74210163,279.35945154,127.10155316999999,97.61238715000002,166.48548097000003,422.00723172,32.7119056458267,42.569192903476136,39.340012689924286,31.1676370104233,94.38964752417328,55.04319424652388,127.14546828007573,390.8395947095767,-159.8134588158267,-140.18158005347615,-205.82549365992432,-453.17486873042327,6,1,,12.990599381221253,12.904593218328172,13.146365566798996,0.3051076915860176,60.812442436791024,-3.8164322052650803,0.0,0.0,1.0,0.0,0.002377483117286361,0.0038591411822587484,2.9576496283688098e-05,0.0,0.04028859317302702,50.00557394296505,0.7317581438412655,-0.00721967294812198,-0.005735288262367244,-0.009740219563245667,0.15913431367500994,nan,0.8494623655913979,0.14597337791100765,0.16819254890509913,nan,0.6374900177842666,1.0
2025-01-01,1735718400,2025,93661.0,93600.0,295.83838163,188.68469462,304.52307625000003,87.70209227000004,157.16727455,379.91962797,28.029079824732733,40.33440737306299,37.07746653146819,26.63798657536801,276.4939964252673,47.36768489693705,120.08980801853181,353.281641394632,-332.55215607473275,-128.03649964306302,-194.2447410814682,-406.55761454536804,6,1,,12.76221888425595,12.335351920127291,11.495593779328468,0.3020660525560379,61.79079301517124,0.608162698627055,0.0,1.0,0.0,0.0,0.002147481117014513,0.0037256080245284123,-0.0001358853507814478,0.0,0.05814165949821465,66.16889122897479,0.5421519673938298,0.002693649232387574,-0.0030416390299796703,-0.008030756860971433,0.13889059028155995,nan,1.0145228215767634,0.16317546227447796,0.1721956036717546,nan,0.9840156207164716,0.0
2025-01-01,1735719300,2025,93712.0,93800.0,174.49612117,265.3087074,59.80482857000004,75.95519553000008,139.95395329000007,nan,29.962665799578225,37.680100341449624,34.67945798914575,nan,29.842162770421815,38.27509518855046,105.27449530085431,nan,-89.76749436957826,-113.6352958714497,-174.63341127914583,nan,7,0,,12.595172101053254,12.335351920127291,10.495338956190318,0.28059210777282706,59.18052924720525,-0.05570938451761975,0.0,0.0,0.0,0.0,0.0018082082906970744,0.003600389333936285,-0.0002631479632189764,0.0,-0.0036833381652832675,64.84801907813457,1.2419625328624613,-0.018432305753231182,-0.021473944783210852,-0.02876648738980303,0.13840052729787464,nan,1.037037037037037,0.14219158047495242,0.16773831528718178,nan,0.40571998669770537,0.0
2025-01-01,1735720200,2025,93384.0,93400.0,245.78744477,183.72530915,409.51275392,70.59863806000004,161.87540585,nan,20.83811213496373,36.96614028084899,32.68654260116929,nan,388.6746417850363,33.63249777915105,129.1888632488307,nan,-430.3508660549638,-107.56477834084903,-194.5619484511693,nan,2,5,,14.471742444891488,12.335351920127291,13.225255093941826,0.2883335423469543,79.39982607729952,17.1669484264631,1.0,1.0,1.0,1.0,0.003410576295584348,0.003485423680443858,0.0016788749715022828,1.0,0.1049031603336334,20.093955286101036,-3.0667573473390375,0.02921537935733809,0.007741434574127237,-0.02250943750143053,0.004198050647414631,nan,2.0452604611443213,0.28413549169953967,0.21320710640832077,nan,8.323018701795677,0.0
2025-01-01,1735721100,2025,93450.5,93400.0,216.48537122,193.0037948,389.48916601999997,68.87309382000001,167.56311018999997,nan,19.89928725771944,35.169394301817036,30.54221944351891,nan,369.58987876228053,33.70369951818297,137.02089074648106,nan,-409.3884532777194,-104.04248812181704,-198.1053296335189,nan,1,3,,16.214272049884134,12.335351920127291,21.47110474366796,0.2839044055342674,81.61458377982036,24.56861723503625,1.0,0.0,1.0,1.0,0.004988383728820911,0.0034794973920733593,0.0003901747273003936,1.0,-0.03783362925052647,22.53757621227117,-2.168730045570167,-0.012170571386814155,-0.004429136812686918,-0.021203286051750203,-0.012464210475328807,nan,3.048090523338048,0.2963686160095962,0.212044936351601,nan,1.1477334188017068,0.0
2025-01-01,1735722000,2025,93398.5,93400.0,228.07863648,168.7423475,376.82098398,69.46518227999996,197.10958157,nan,19.305327548400243,33.953714255135694,31.337975494227273,nan,357.5156564315997,35.51146802486427,165.77160607577272,nan,-396.12631152840027,-103.41889653513566,-228.44755706422725,nan,1,2,,18.095084089441297,11.88710929762917,27.372905611660713,0.28783906966447825,91.62199000155444,8.113976700209435,1.0,0.0,1.0,0.0,0.006155876874051401,0.0035918811479081366,0.0003111590788039001,0.0,0.08825764834880817,28.815715770027776,1.3643012992610102,0.008363800942897792,0.003934664130210874,-0.014226982891559659,-0.04237245858773303,nan,1.5453622207176712,0.3302115282522113,0.2263979407704353,nan,0.4393302639327587,0.0
2025-01-01,1735722900,2025,93289.5,93200.0,210.89261043,152.95702261,143.84963303999996,63.99875775999999,189.40944111999994,nan,24.759434541941403,31.118226731508933,33.04449362233158,nan,119.09019849805856,32.880531028491056,156.36494749766837,nan,-168.60906758194136,-95.11698449150893,-222.4539347423315,nan,1,3,,20.27155416582656,11.88710929762917,32.53846997782837,0.270665773153305,101.05867785474312,8.811919391530651,0.0,1.0,1.0,0.0,0.006607647301301204,0.003750673576828476,0.0003351278816739441,0.0,-0.04888513088226307,26.793170665644727,0.1583238603516823,-0.02110796064138415,-0.017173296511173275,-0.009926334619522081,-0.0733435116245203,nan,1.447796509908311,0.3440092847778253,0.23400913287020642,nan,2.530398925406052,0.0
2025-01-01,1735723800,2025,93112.5,93200.0,147.77130712,211.14280874,138.91411585999998,91.27676778999995,182.26888684999997,nan,24.52802814595527,29.376458612160825,27.77363623087125,nan,114.38608771404472,61.90030917783913,154.4952506191287,nan,-163.44214400595524,-120.65322640216078,-210.04252308087123,nan,0,2,,23.13778261729748,11.88710929762917,39.68404092860025,0.2804120156168938,120.353832087052,27.559871320405563,0.0,1.0,0.0,0.0,0.008365528239406474,0.003983751510916859,0.0005492353719579804,1.0,0.03921250164508816,18.446679686729972,-1.3377222578467514,0.02691953897476207,0.009746242463588795,-0.007921526730060524,-0.002488402952409985,nan,2.1914600550964187,0.28290041856930376,0.22664552940902902,nan,3.1274560142047374,0.0
2025-01-01,1735724700,2025,93074.5,93000.0,202.31854904,138.29752316,-79.38392780000004,98.69001636999997,255.52175074999997,nan,25.3121070441676,27.313039229967067,23.767838408764206,nan,-104.69603484416764,71.37697714003289,231.75391234123578,nan,54.071820755832434,-126.00305559996704,-279.28958915876416,nan,1,1,,25.7992804650919,11.88710929762917,41.85265185271409,0.281980795264244,131.18635899972784,20.074539829056462,0.0,1.0,0.0,0.0,0.008939831928874375,0.004291664139281258,6.788471832842001e-05,1.0,-0.017901546955108705,30.192368528319637,-1.5169260090556582,-0.008177462816238545,0.001568779647350249,-0.001923610270023357,-0.038803019294066377,nan,1.7322392086330936,0.3207838145583104,0.2393681380022292,nan,0.9239713259898759,0.0
2025-01-01,1735725600,2025,93382.5,93400.0,141.50817299,185.84762871,307.35580170000003,127.64439929000002,222.75235342000002,nan,16.048386706805445,28.08103465263248,20.257293457440724,nan,291.3074149931946,99.56336463736754,202.4950599625593,nan,-323.4041884068055,-155.7254339426325,-243.00964687744073,nan,1,1,,27.116697452636963,12.227158555055322,37.1604637998468,0.2905773329734802,136.0797852486888,4.917552479751123,0.0,0.0,0.0,0.0,0.0070300511242066205,0.00452396517880797,-0.0006587257758436911,0.0,-0.04773587226867687,34.214521037384436,0.5915647195715695,0.007027758061885936,0.008596537709236185,0.0027382633090019537,-0.07458763957354148,nan,1.1375958123013648,0.3651649725470217,0.26600819174419277,nan,0.6478495833921982,0.0
