side,tf,st_mult,tgt,kind,entry_ts,exit_ts,day,half,dte,net,gross,fees,slippage,hold_min,win,target_hit,weekend,mark_missing,skip
short,5,3.0,1.0,signal,1735696500,1735700400,2025-01-01,H1,0DTE,-197.66883186709418,-162.22255198368293,35.446279883411265,10.092047403682955,65.0,0,0,0,0,
short,5,3.0,1.0,signal,1735720200,1735725900,2025-01-01,H1,1DTE,-96.11273234649732,-52.03340754649733,44.0793248,16.289530096497298,95.0,0,1,0,0,
long,5,3.0,1.0,signal,1735734000,1735742100,2025-01-01,H1,1DTE,0.5706647084692946,41.517563055773735,40.94689834730444,17.224350126226287,135.0,1,1,0,0,
long,5,3.0,1.0,signal,1735758000,1735776300,2025-01-02,H1,0DTE,-3.525217023110514,33.96969297206202,37.494909995172534,13.36769387593793,305.0,0,1,0,0,
long,5,3.0,1.0,signal,1735779900,1735819200,2025-01-02,H1,0DTE,225.90218439325378,253.52972465347068,27.627540260216914,9.976912448529301,655.0,1,1,0,0,
long,5,3.0,1.0,signal,1735845900,1735853100,2025-01-03,H1,0DTE,-322.2358186406569,-276.4790747926953,45.75674384796157,12.681133682695247,120.0,0,0,0,0,
long,5,3.0,1.0,signal,1735900500,1735910400,2025-01-03,H1,1DTE,-198.4573570561849,-153.4954383019478,44.961918754237104,15.259976101947814,165.0,0,0,0,0,
long,5,3.0,1.0,signal,1735917000,1735938300,2025-01-03,H1,1DTE,159.2715572402544,195.27023178098943,35.99867454073503,17.096026023010662,355.0,1,1,1,0,
long,5,3.0,1.0,signal,1736130900,1736147100,2025-01-06,H1,0DTE,114.61591071457065,147.1541847742119,32.53827405964125,13.838456649788032,270.0,1,1,0,0,
short,5,3.0,1.0,signal,1736148000,1736162700,2025-01-06,H1,0DTE,-226.33059750166382,-199.58011489028323,26.750482611380605,8.255369656283259,245.0,0,1,0,0,
long,5,3.0,1.0,signal,1736165100,1736168400,2025-01-06,H1,1DTE,-137.6075288722335,-90.7658948722335,46.841634,15.330189602233474,55.0,0,0,0,0,
long,5,3.0,1.0,signal,1736176500,1736185200,2025-01-06,H1,1DTE,-267.3137036763142,-222.7290304267058,44.5846732496084,15.971430506705786,145.0,0,0,0,0,
short,5,3.0,1.0,signal,1736200800,1736207100,2025-01-07,H1,0DTE,-218.94628490367762,-177.25767909159705,41.68860581208058,11.384269251597061,105.0,0,0,0,0,
short,5,3.0,1.0,signal,1736236500,1736239800,2025-01-07,H1,0DTE,-74.63447798391613,-50.1669474740234,24.467530509892725,11.031148834023384,55.0,0,0,0,0,
long,5,3.0,1.0,signal,1736361600,1736388600,2025-01-09,H1,0DTE,1.6678481861919963,36.04816684235266,34.38031865616066,23.79693618764742,450.0,1,0,0,0,
short,5,3.0,1.0,signal,1736458200,1736462400,2025-01-10,H1,0DTE,-144.3363120230178,-103.27774174232485,41.058570280692955,12.960595356324813,70.0,0,1,0,0,
long,5,3.0,1.0,signal,1736470500,1736508900,2025-01-10,H1,0DTE,591.508404237607,622.1943656745912,30.68596143698418,14.944778467408897,640.0,1,1,0,0,
long,5,3.0,1.0,random,1735906200,1735910400,2025-01-03,H1,1DTE,-178.08302468108718,-132.44994668108717,45.633078,14.893859581087156,70.0,0,0,0,0,
long,5,3.0,1.0,random,1735926000,1735938300,2025-01-03,H1,1DTE,-191.19262202969645,-156.29016390478648,34.902458124909984,14.365760886786466,205.0,0,1,1,0,
long,5,3.0,1.0,random,1735777800,1735819200,2025-01-02,H1,0DTE,476.85655437734516,506.4648846539134,29.608330276568203,9.711195824086621,690.0,1,1,0,0,
long,5,3.0,1.0,random,1735703100,1735704900,2025-01-01,H1,0DTE,-90.01882345903226,-57.909567822015816,32.109255637016446,7.91899791201584,30.0,0,0,0,0,
long,5,3.0,1.0,random,1736478300,1736508900,2025-01-10,H1,0DTE,291.7057844002018,320.9943492420107,29.28856484180884,12.298134387989213,510.0,1,1,0,0,
short,5,3.0,1.0,random,1736122200,1736128500,2025-01-06,H1,0DTE,-95.83559754108857,-56.90664702773155,38.92895051335702,11.025015059731572,105.0,0,1,0,0,
long,5,3.0,1.0,random,1736197800,1736199900,2025-01-07,H1,0DTE,-211.867863701041,-167.4148709852391,44.452992715801884,11.474953345239072,35.0,0,0,0,0,
long,5,3.0,1.0,random,1736505300,1736508900,2025-01-10,H1,0DTE,25.237130516996352,45.809522934340194,20.572392417343842,10.495604783659822,60.0,1,1,0,0,
long,5,3.0,1.0,random,1735923600,1735938300,2025-01-03,H1,1DTE,-119.05909412184187,-84.55572519662137,34.5033689252205,15.14186680062143,245.0,0,1,1,0,
short,5,3.0,1.0,random,1735863000,1735870500,2025-01-03,H1,0DTE,-80.70493597829966,-44.3332237388426,36.37171223945706,10.67276968084262,125.0,0,1,0,0,
long,5,3.0,1.0,random,1736343900,1736350200,2025-01-08,H1,1DTE,-259.7920450717544,-214.83534307175438,44.95670200000001,25.076849561754376,105.0,0,1,0,0,
long,5,3.0,1.0,random,1735775400,1735776300,2025-01-02,H1,0DTE,-80.89448431016098,-40.64250320414292,40.25198110601806,13.1341744941429,15.0,0,1,0,0,
short,5,3.0,1.0,random,1735680600,1735691700,2025-01-01,H1,0DTE,-340.10302334474187,-300.8206748295063,39.282348515235604,11.611159639506326,185.0,0,0,0,0,
long,5,3.0,1.0,random,1736209500,1736211900,2025-01-07,H1,0DTE,69.56460407280464,107.75537934824607,38.190775275441425,13.954712865753931,40.0,1,1,0,0,
long,5,3.0,1.0,random,1736144700,1736147100,2025-01-06,H1,0DTE,-130.98808619138538,-93.32412428210924,37.66396190927615,10.392359612109232,40.0,0,0,0,0,
short,5,3.0,1.0,random,1735697100,1735700400,2025-01-01,H1,0DTE,-207.77421763237223,-172.2626842802048,35.51153335216742,10.374409430204793,55.0,0,0,0,0,
short,5,3.0,1.0,random,1736229600,1736233500,2025-01-07,H1,0DTE,-104.52340276949353,-76.90413656280317,27.619266206690355,7.938952512803155,65.0,0,0,0,0,
short,5,3.0,1.0,random,1736219100,1736224200,2025-01-07,H1,0DTE,-111.18659458762443,-74.69231285653069,36.494281731093736,12.556918242530656,85.0,0,1,0,0,
long,5,3.0,1.0,random,1735798500,1735819200,2025-01-02,H1,0DTE,286.7377528534228,312.8234914677573,26.085738614334513,7.08266383424262,345.0,1,1,0,0,
long,5,3.0,1.0,random,1735788300,1735819200,2025-01-02,H1,0DTE,439.0860199616906,464.38775743731225,25.301737475621625,8.493949164687773,515.0,1,1,0,0,
long,5,3.0,1.0,random,1736195700,1736199900,2025-01-07,H1,0DTE,-251.28869909934832,-205.49838197443646,45.79031712491188,11.892188024436422,70.0,0,0,0,0,
short,5,3.0,1.0,random,1736420700,1736436000,2025-01-09,H1,1DTE,-91.05677929325913,-47.2633945195614,43.79338477369772,16.3914003115614,255.0,0,1,0,0,
short,5,3.0,1.0,random,1736284200,1736289600,2025-01-08,H1,0DTE,-113.9359713934689,-72.16329218687076,41.77267920659814,13.529382216870784,90.0,0,1,0,0,
long,5,3.0,1.0,random,1735846800,1735853100,2025-01-03,H1,0DTE,-113.38167583897759,-72.0443716861952,41.33730415278238,13.92908613619516,105.0,0,1,0,0,
long,5,3.0,1.0,random,1736182800,1736185200,2025-01-06,H1,1DTE,-253.88558728895208,-205.85958728895207,48.026,16.113185278952074,40.0,0,0,0,0,
short,5,3.0,1.0,random,1736215200,1736224200,2025-01-07,H1,0DTE,-111.71242097440039,-77.80184418026582,33.91057679413457,12.845412774265824,150.0,0,1,0,0,
short,5,3.0,1.0,random,1735863600,1735870500,2025-01-03,H1,0DTE,-194.1779464672201,-156.1401100088324,38.03783645838769,10.706541168832416,115.0,0,0,0,0,
long,5,3.0,1.0,random,1736475000,1736508900,2025-01-10,H1,0DTE,480.9130581407336,512.7515625848383,31.83850444410471,16.17447012716171,565.0,1,1,0,0,
long,5,3.0,1.0,random,1736299500,1736301000,2025-01-08,H1,0DTE,-92.9057790418606,-55.05915332241801,37.84662571944258,10.94076767241802,25.0,0,0,0,0,
long,5,3.0,1.0,random,1735852200,1735853100,2025-01-03,H1,0DTE,-59.07922607531388,-17.28894698409763,41.79027909121625,13.43351923809766,15.0,0,1,0,0,
long,5,3.0,1.0,random,1735761000,1735776300,2025-01-02,H1,0DTE,-241.657336642731,-200.81389776444237,40.84343887828862,12.074878034442378,255.0,0,0,0,0,
long,5,3.0,1.0,random,1736475300,1736508900,2025-01-10,H1,0DTE,461.9102951869111,492.55358705506325,30.643291868152122,14.889134614936765,560.0,1,1,0,0,
long,5,3.0,1.0,random,1736291700,1736301000,2025-01-08,H1,0DTE,-153.20977046593117,-115.43263856823847,37.77713189769268,12.1779652122385,155.0,0,1,0,0,
long,5,3.0,1.0,random,1735816800,1735826100,2025-01-02,H1,1DTE,-252.87612613405057,-207.26202253405057,45.6141036,17.926582600050686,155.0,0,1,0,0,
short,5,3.0,1.0,random,1736277900,1736289600,2025-01-08,H1,0DTE,-275.0708989755609,-229.58773980819,45.4831591673709,12.553308818190033,195.0,0,0,0,0,
short,5,3.0,1.0,random,1736429400,1736436000,2025-01-09,H1,1DTE,59.038909633740545,100.49487977446046,41.45597014071991,15.656665509539568,110.0,1,1,0,0,
short,5,3.0,1.0,random,1735776600,1735777800,2025-01-02,H1,0DTE,-118.86745508609118,-76.22720730676858,42.64024777932261,13.009444866768547,20.0,0,0,0,0,
long,5,3.0,1.0,random,1735804500,1735819200,2025-01-02,H1,0DTE,187.19547258223412,211.54805276405847,24.352580181824337,8.12739713794149,245.0,1,1,0,0,
short,5,3.0,1.0,random,1736435700,1736436000,2025-01-09,H1,1DTE,-57.666442557522394,-13.731809357522389,43.93463320000001,14.420393387522346,5.0,0,1,0,0,
long,5,3.0,1.0,random,1736401500,1736405700,2025-01-09,H1,1DTE,-233.7863028902796,-189.30856289027957,44.477740000000004,17.677296420279447,70.0,0,0,0,0,
short,5,3.0,1.0,random,1736518200,1736518800,2025-01-10,H1,1DTE,-105.54549095359793,-61.083680953597934,44.46181,17.03345792359795,10.0,0,0,0,0,
short,5,3.0,1.0,random,1735680000,1735691700,2025-01-01,H1,0DTE,-359.72103039861656,-320.72871395619984,38.99231644241672,11.72662883619978,195.0,0,0,0,0,
long,5,3.0,1.0,random,1736289900,1736301000,2025-01-08,H1,0DTE,-365.4216979322631,-326.9675809619329,38.45411697033016,11.890069591933042,185.0,0,0,0,0,
short,5,3.0,1.0,random,1736421900,1736436000,2025-01-09,H1,1DTE,-21.703331782236404,20.42870984634299,42.132041628579394,15.861151757657023,235.0,0,1,0,0,
long,5,3.0,1.0,random,1735784700,1735819200,2025-01-02,H1,0DTE,348.82208879143667,375.09653498434153,26.274446192904854,9.767356537658547,575.0,1,1,0,0,
short,5,3.0,1.0,random,1736282700,1736289600,2025-01-08,H1,0DTE,-220.39914206801456,-178.6121274516018,41.78701461641276,13.351080751601785,115.0,0,0,0,0,
long,5,3.0,1.0,random,1736184300,1736185200,2025-01-06,H1,1DTE,-180.34949284636576,-132.6323871906883,47.71710565567747,15.610893640688346,15.0,0,0,0,0,
long,5,3.0,1.0,random,1736500200,1736508900,2025-01-10,H1,0DTE,86.51668980439506,110.97243159842495,24.45574179402989,10.785595965575093,145.0,1,1,0,0,
long,5,3.0,1.0,random,1735813500,1735826100,2025-01-02,H1,1DTE,-411.4416341434072,-365.8589421434072,45.582691999999994,17.81257031340715,210.0,0,0,0,0,
short,5,3.0,1.0,random,1735755000,1735756500,2025-01-01,H1,1DTE,-130.49354640222907,-87.43253508724706,43.06101131498202,13.841369077247094,25.0,0,0,0,0,
long,5,3.0,1.0,random,1736479200,1736508900,2025-01-10,H1,0DTE,327.66042228396515,356.3720040665268,28.71158178256167,11.97718909347312,495.0,1,1,0,0,
short,5,3.0,1.5,signal,1735696500,1735700400,2025-01-01,H1,0DTE,-197.66883186709418,-162.22255198368293,35.446279883411265,10.092047403682955,65.0,0,0,0,0,
short,5,3.0,1.5,signal,1735720200,1735725900,2025-01-01,H1,1DTE,-51.23038311345311,-7.403129969664943,43.82725314378816,16.416627381664934,95.0,0,1,0,0,
long,5,3.0,1.5,signal,1735734000,1735742100,2025-01-01,H1,1DTE,46.73481764514559,87.14845621676608,40.41363857162049,17.401555859233852,135.0,1,1,0,0,
long,5,3.0,1.5,signal,1735758000,1735776300,2025-01-02,H1,0DTE,23.83886724141435,61.10916119367481,37.27029395226046,13.50719564232511,305.0,1,1,0,0,
long,5,3.0,1.5,signal,1735779900,1735819200,2025-01-02,H1,0DTE,371.16037063477097,398.1189780023157,26.958607367544747,9.625060469684277,655.0,1,1,0,0,
long,5,3.0,1.5,signal,1735845900,1735853100,2025-01-03,H1,0DTE,-322.2358186406569,-276.4790747926953,45.75674384796157,12.681133682695247,120.0,0,0,0,0,
long,5,3.0,1.5,signal,1735900500,1735910400,2025-01-03,H1,1DTE,-198.4573570561849,-153.4954383019478,44.961918754237104,15.259976101947814,165.0,0,0,0,0,
long,5,3.0,1.5,signal,1735917000,1735938300,2025-01-03,H1,1DTE,136.2786647096147,171.38389672699662,35.10523201738194,15.773811089003544,355.0,1,1,1,0,
long,5,3.0,1.5,signal,1736130900,1736147100,2025-01-06,H1,0DTE,-74.39085557517262,-41.45335820470389,32.93749737046873,13.56847451470388,270.0,0,0,0,0,
short,5,3.0,1.5,signal,1736148000,1736162700,2025-01-06,H1,0DTE,-398.95589654690997,-376.9326836391757,22.023212907734262,9.825742049175698,245.0,0,0,0,0,
long,5,3.0,1.5,signal,1736165100,1736168400,2025-01-06,H1,1DTE,-137.6075288722335,-90.7658948722335,46.841634,15.330189602233474,55.0,0,0,0,0,
long,5,3.0,1.5,signal,1736176500,1736185200,2025-01-06,H1,1DTE,-267.3137036763142,-222.7290304267058,44.5846732496084,15.971430506705786,145.0,0,0,0,0,
short,5,3.0,1.5,signal,1736200800,1736207100,2025-01-07,H1,0DTE,-218.94628490367762,-177.25767909159705,41.68860581208058,11.384269251597061,105.0,0,0,0,0,
short,5,3.0,1.5,signal,1736236500,1736239800,2025-01-07,H1,0DTE,-74.63447798391613,-50.1669474740234,24.467530509892725,11.031148834023384,55.0,0,0,0,0,
long,5,3.0,1.5,signal,1736361600,1736388600,2025-01-09,H1,0DTE,1.6678481861919963,36.04816684235266,34.38031865616066,23.79693618764742,450.0,1,0,0,0,
short,5,3.0,1.5,signal,1736458200,1736462400,2025-01-10,H1,0DTE,-229.39151184588866,-185.9948612685639,43.39665057732476,12.32152622856384,70.0,0,0,0,0,
long,5,3.0,1.5,signal,1736470500,1736508900,2025-01-10,H1,0DTE,667.2164372119198,697.6986769090097,30.48223969708985,14.790636700990303,640.0,1,1,0,0,
long,5,3.0,1.5,random,1735906200,1735910400,2025-01-03,H1,1DTE,-178.08302468108718,-132.44994668108717,45.633078,14.893859581087156,70.0,0,0,0,0,
long,5,3.0,1.5,random,1735926000,1735938300,2025-01-03,H1,1DTE,-425.08578477391296,-390.3609913802892,34.72479339362378,12.973446560289212,205.0,0,0,1,0,
long,5,3.0,1.5,random,1735777800,1735819200,2025-01-02,H1,0DTE,536.2277248336546,564.8934146638102,28.665689830155504,9.948218540189819,690.0,1,1,0,0,
long,5,3.0,1.5,random,1735703100,1735704900,2025-01-01,H1,0DTE,-90.01882345903226,-57.909567822015816,32.109255637016446,7.91899791201584,30.0,0,0,0,0,
long,5,3.0,1.5,random,1736478300,1736508900,2025-01-10,H1,0DTE,376.5893440759524,405.57660098512713,28.98725690917473,12.42096729887278,510.0,1,1,0,0,
short,5,3.0,1.5,random,1736122200,1736128500,2025-01-06,H1,0DTE,-86.92297446531086,-48.62119282687526,38.30178163843559,11.01746458487525,105.0,0,1,0,0,
long,5,3.0,1.5,random,1736197800,1736199900,2025-01-07,H1,0DTE,-211.867863701041,-167.4148709852391,44.452992715801884,11.474953345239072,35.0,0,0,0,0,
long,5,3.0,1.5,random,1736505300,1736508900,2025-01-10,H1,0DTE,-198.6150796189741,-182.2570637345115,16.358015884462617,12.018800934511496,60.0,0,0,0,0,
long,5,3.0,1.5,random,1735923600,1735938300,2025-01-03,H1,1DTE,-49.10965830736994,-15.208409677838745,33.901248629531196,14.402421617838828,245.0,0,1,1,0,
short,5,3.0,1.5,random,1735863000,1735870500,2025-01-03,H1,0DTE,-205.13372912390878,-167.3438435402543,37.78988558365446,9.91287463025435,125.0,0,0,0,0,
long,5,3.0,1.5,random,1736343900,1736350200,2025-01-08,H1,1DTE,-341.00665644441165,-295.99791644441166,45.00874,24.613131270411667,105.0,0,1,0,0,
long,5,3.0,1.5,random,1735775400,1735776300,2025-01-02,H1,0DTE,-87.155188460447,-46.75504220916721,40.40014625127978,13.105499983167203,15.0,0,1,0,0,
short,5,3.0,1.5,random,1735680600,1735691700,2025-01-01,H1,0DTE,-340.10302334474187,-300.8206748295063,39.282348515235604,11.611159639506326,185.0,0,0,0,0,
long,5,3.0,1.5,random,1736209500,1736211900,2025-01-07,H1,0DTE,28.928812791945973,67.94168473661331,39.01287194466734,11.194353241386692,40.0,1,1,0,0,
long,5,3.0,1.5,random,1736144700,1736147100,2025-01-06,H1,0DTE,-130.98808619138538,-93.32412428210924,37.66396190927615,10.392359612109232,40.0,0,0,0,0,
short,5,3.0,1.5,random,1735697100,1735700400,2025-01-01,H1,0DTE,-207.77421763237223,-172.2626842802048,35.51153335216742,10.374409430204793,55.0,0,0,0,0,
short,5,3.0,1.5,random,1736229600,1736233500,2025-01-07,H1,0DTE,-104.52340276949353,-76.90413656280317,27.619266206690355,7.938952512803155,65.0,0,0,0,0,
short,5,3.0,1.5,random,1736219100,1736224200,2025-01-07,H1,0DTE,-164.92777485710212,-126.66264527131466,38.26512958578745,10.513905481314623,85.0,0,0,0,0,
long,5,3.0,1.5,random,1735798500,1735819200,2025-01-02,H1,0DTE,289.63560461837255,314.82182735072854,25.186222732355976,8.932582241271424,345.0,1,1,0,0,
long,5,3.0,1.5,random,1735788300,1735819200,2025-01-02,H1,0DTE,441.83985508075943,467.18118417708814,25.341329096328693,8.565453772911834,515.0,1,1,0,0,
long,5,3.0,1.5,random,1736195700,1736199900,2025-01-07,H1,0DTE,-251.28869909934832,-205.49838197443646,45.79031712491188,11.892188024436422,70.0,0,0,0,0,
short,5,3.0,1.5,random,1736420700,1736436000,2025-01-09,H1,1DTE,-86.42107341242149,-42.62981263872378,43.79126077369772,16.412744160723776,255.0,0,1,0,0,
short,5,3.0,1.5,random,1736284200,1736289600,2025-01-08,H1,0DTE,-115.45749550260082,-73.57527395432625,41.88222154827457,13.535598514326262,90.0,0,1,0,0,
long,5,3.0,1.5,random,1735846800,1735853100,2025-01-03,H1,0DTE,-75.87921102046633,-35.048494856180916,40.830716164285406,14.091605270180896,105.0,0,1,0,0,
long,5,3.0,1.5,random,1736182800,1736185200,2025-01-06,H1,1DTE,-253.88558728895208,-205.85958728895207,48.026,16.113185278952074,40.0,0,0,0,0,
short,5,3.0,1.5,random,1736215200,1736224200,2025-01-07,H1,0DTE,-201.2468213259785,-166.33217745857667,34.91464386740182,13.439054948576683,150.0,0,0,0,0,
short,5,3.0,1.5,random,1735863600,1735870500,2025-01-03,H1,0DTE,-194.1779464672201,-156.1401100088324,38.03783645838769,10.706541168832416,115.0,0,0,0,0,
long,5,3.0,1.5,random,1736475000,1736508900,2025-01-10,H1,0DTE,528.245284633455,559.1995889685273,30.954304335072326,14.957034561472652,565.0,1,1,0,0,
long,5,3.0,1.5,random,1736299500,1736301000,2025-01-08,H1,0DTE,-92.9057790418606,-55.05915332241801,37.84662571944258,10.94076767241802,25.0,0,0,0,0,
long,5,3.0,1.5,random,1735852200,1735853100,2025-01-03,H1,0DTE,-66.09736660055681,-24.16109178779674,41.936274812760075,13.410484633796823,15.0,0,1,0,0,
long,5,3.0,1.5,random,1735761000,1735776300,2025-01-02,H1,0DTE,-241.657336642731,-200.81389776444237,40.84343887828862,12.074878034442378,255.0,0,0,0,0,
long,5,3.0,1.5,random,1736475300,1736508900,2025-01-10,H1,0DTE,534.1564962838031,564.5012300402257,30.34473375642251,14.939462261774466,560.0,1,1,0,0,
long,5,3.0,1.5,random,1736291700,1736301000,2025-01-08,H1,0DTE,-303.4145519952362,-264.1981258211613,39.216426174074904,11.687134621161334,155.0,0,0,0,0,
long,5,3.0,1.5,random,1735816800,1735826100,2025-01-02,H1,1DTE,-346.8089981694229,-301.23964016942296,45.569357999999994,17.432936569423077,155.0,0,0,0,0,
short,5,3.0,1.5,random,1736277900,1736289600,2025-01-08,H1,0DTE,-275.0708989755609,-229.58773980819,45.4831591673709,12.553308818190033,195.0,0,0,0,0,
short,5,3.0,1.5,random,1736429400,1736436000,2025-01-09,H1,1DTE,91.76031139651398,134.8103874314675,43.050076034953506,16.09525710853257,110.0,1,1,0,0,
short,5,3.0,1.5,random,1735776600,1735777800,2025-01-02,H1,0DTE,-118.86745508609118,-76.22720730676858,42.64024777932261,13.009444866768547,20.0,0,0,0,0,
long,5,3.0,1.5,random,1735804500,1735819200,2025-01-02,H1,0DTE,201.1718509940556,224.74214569623092,23.57029470217531,7.218331445769052,245.0,1,1,0,0,
short,5,3.0,1.5,random,1736435700,1736436000,2025-01-09,H1,1DTE,-83.62542640470475,-39.66948240470475,43.955944,14.277482884704682,5.0,0,0,0,0,
long,5,3.0,1.5,random,1736401500,1736405700,2025-01-09,H1,1DTE,-233.7863028902796,-189.30856289027957,44.477740000000004,17.677296420279447,70.0,0,0,0,0,
short,5,3.0,1.5,random,1736518200,1736518800,2025-01-10,H1,1DTE,-105.54549095359793,-61.083680953597934,44.46181,17.03345792359795,10.0,0,0,0,0,
short,5,3.0,1.5,random,1735680000,1735691700,2025-01-01,H1,0DTE,-359.72103039861656,-320.72871395619984,38.99231644241672,11.72662883619978,195.0,0,0,0,0,
long,5,3.0,1.5,random,1736289900,1736301000,2025-01-08,H1,0DTE,-365.4216979322631,-326.9675809619329,38.45411697033016,11.890069591933042,185.0,0,0,0,0,
short,5,3.0,1.5,random,1736421900,1736436000,2025-01-09,H1,1DTE,-21.703331782236404,20.42870984634299,42.132041628579394,15.861151757657023,235.0,0,1,0,0,
long,5,3.0,1.5,random,1735784700,1735819200,2025-01-02,H1,0DTE,513.3443470690731,538.9773026269247,25.632955557851623,9.56358513907539,575.0,1,1,0,0,
short,5,3.0,1.5,random,1736282700,1736289600,2025-01-08,H1,0DTE,-220.39914206801456,-178.6121274516018,41.78701461641276,13.351080751601785,115.0,0,0,0,0,
long,5,3.0,1.5,random,1736184300,1736185200,2025-01-06,H1,1DTE,-180.34949284636576,-132.6323871906883,47.71710565567747,15.610893640688346,15.0,0,0,0,0,
long,5,3.0,1.5,random,1736500200,1736508900,2025-01-10,H1,0DTE,71.99889090271098,96.4465313576365,24.447640454925516,10.686695262363465,145.0,1,1,0,0,
long,5,3.0,1.5,random,1735813500,1735826100,2025-01-02,H1,1DTE,-411.4416341434072,-365.8589421434072,45.582691999999994,17.81257031340715,210.0,0,0,0,0,
short,5,3.0,1.5,random,1735755000,1735756500,2025-01-01,H1,1DTE,-130.49354640222907,-87.43253508724706,43.06101131498202,13.841369077247094,25.0,0,0,0,0,
long,5,3.0,1.5,random,1736479200,1736508900,2025-01-10,H1,0DTE,412.5439819597157,440.95425580964326,28.41027384992756,12.100022004356687,495.0,1,1,0,0,
short,5,3.0,2.0,signal,1735696500,1735700400,2025-01-01,H1,0DTE,-197.66883186709418,-162.22255198368293,35.446279883411265,10.092047403682955,65.0,0,0,0,0,
short,5,3.0,2.0,signal,1735720200,1735725900,2025-01-01,H1,1DTE,-51.23038311345311,-7.403129969664943,43.82725314378816,16.416627381664934,95.0,0,1,0,0,
long,5,3.0,2.0,signal,1735734000,1735742100,2025-01-01,H1,1DTE,102.11301322523859,141.91540058585053,39.802387360611945,17.61913659814936,135.0,1,1,0,0,
long,5,3.0,2.0,signal,1735758000,1735776300,2025-01-02,H1,0DTE,75.26367726320595,111.63780933042563,36.374132067219676,15.989469729574322,305.0,1,1,0,0,
long,5,3.0,2.0,signal,1735779900,1735819200,2025-01-02,H1,0DTE,566.5828624062215,593.5456726394465,26.962810233225,10.716231618553676,655.0,1,1,0,0,
long,5,3.0,2.0,signal,1735845900,1735853100,2025-01-03,H1,0DTE,-322.2358186406569,-276.4790747926953,45.75674384796157,12.681133682695247,120.0,0,0,0,0,
long,5,3.0,2.0,signal,1735900500,1735910400,2025-01-03,H1,1DTE,-198.4573570561849,-153.4954383019478,44.961918754237104,15.259976101947814,165.0,0,0,0,0,
long,5,3.0,2.0,signal,1735917000,1735938300,2025-01-03,H1,1DTE,292.6574565500766,327.48678673978714,34.829330189710554,16.270015016212923,355.0,1,1,1,0,
long,5,3.0,2.0,signal,1736130900,1736147100,2025-01-06,H1,0DTE,-74.39085557517262,-41.45335820470389,32.93749737046873,13.56847451470388,270.0,0,0,0,0,
short,5,3.0,2.0,signal,1736148000,1736162700,2025-01-06,H1,0DTE,-398.95589654690997,-376.9326836391757,22.023212907734262,9.825742049175698,245.0,0,0,0,0,
long,5,3.0,2.0,signal,1736165100,1736168400,2025-01-06,H1,1DTE,-137.6075288722335,-90.7658948722335,46.841634,15.330189602233474,55.0,0,0,0,0,
long,5,3.0,2.0,signal,1736176500,1736185200,2025-01-06,H1,1DTE,-267.3137036763142,-222.7290304267058,44.5846732496084,15.971430506705786,145.0,0,0,0,0,
short,5,3.0,2.0,signal,1736200800,1736207100,2025-01-07,H1,0DTE,-218.94628490367762,-177.25767909159705,41.68860581208058,11.384269251597061,105.0,0,0,0,0,
short,5,3.0,2.0,signal,1736236500,1736239800,2025-01-07,H1,0DTE,-74.63447798391613,-50.1669474740234,24.467530509892725,11.031148834023384,55.0,0,0,0,0,
long,5,3.0,2.0,signal,1736361600,1736388600,2025-01-09,H1,0DTE,1.6678481861919963,36.04816684235266,34.38031865616066,23.79693618764742,450.0,1,0,0,0,
short,5,3.0,2.0,signal,1736458200,1736462400,2025-01-10,H1,0DTE,-229.39151184588866,-185.9948612685639,43.39665057732476,12.32152622856384,70.0,0,0,0,0,
long,5,3.0,2.0,signal,1736470500,1736508900,2025-01-10,H1,0DTE,783.9479634460722,813.8451980088481,29.897234562775964,14.655238429151883,640.0,1,1,0,0,
long,5,3.0,2.0,random,1735906200,1735910400,2025-01-03,H1,1DTE,-178.08302468108718,-132.44994668108717,45.633078,14.893859581087156,70.0,0,0,0,0,
long,5,3.0,2.0,random,1735926000,1735938300,2025-01-03,H1,1DTE,-425.08578477391296,-390.3609913802892,34.72479339362378,12.973446560289212,205.0,0,0,1,0,
long,5,3.0,2.0,random,1735777800,1735819200,2025-01-02,H1,0DTE,613.5432036133307,641.3877760995848,27.844572486254204,11.93182060841519,690.0,1,1,0,0,
long,5,3.0,2.0,random,1735703100,1735704900,2025-01-01,H1,0DTE,-90.01882345903226,-57.909567822015816,32.109255637016446,7.91899791201584,30.0,0,0,0,0,
long,5,3.0,2.0,random,1736478300,1736508900,2025-01-10,H1,0DTE,527.3476167483484,556.0424470088524,28.694830260503963,12.559650939147438,510.0,1,1,0,0,
short,5,3.0,2.0,random,1736122200,1736128500,2025-01-06,H1,0DTE,-79.68458371480261,-41.71382789981975,37.97075581498286,11.032424703819766,105.0,0,1,0,0,
long,5,3.0,2.0,random,1736197800,1736199900,2025-01-07,H1,0DTE,-211.867863701041,-167.4148709852391,44.452992715801884,11.474953345239072,35.0,0,0,0,0,
long,5,3.0,2.0,random,1736505300,1736508900,2025-01-10,H1,0DTE,-198.6150796189741,-182.2570637345115,16.358015884462617,12.018800934511496,60.0,0,0,0,0,
long,5,3.0,2.0,random,1735923600,1735938300,2025-01-03,H1,1DTE,29.961723896623944,63.61811849017704,33.656394593553095,14.509310317822964,245.0,1,1,1,0,
short,5,3.0,2.0,random,1735863000,1735870500,2025-01-03,H1,0DTE,-205.13372912390878,-167.3438435402543,37.78988558365446,9.91287463025435,125.0,0,0,0,0,
long,5,3.0,2.0,random,1736343900,1736350200,2025-01-08,H1,1DTE,-327.5776084037568,-282.7143624037568,44.863246000000004,25.22767767375683,105.0,0,0,0,0,
long,5,3.0,2.0,random,1735775400,1735776300,2025-01-02,H1,0DTE,-112.3167571102599,-71.5157438630767,40.80101324718321,12.966939973076677,15.0,0,0,0,0,
short,5,3.0,2.0,random,1735680600,1735691700,2025-01-01,H1,0DTE,-340.10302334474187,-300.8206748295063,39.282348515235604,11.611159639506326,185.0,0,0,0,0,
long,5,3.0,2.0,random,1736209500,1736211900,2025-01-07,H1,0DTE,-84.94090694923369,-42.68856565060307,42.252341298630625,11.176556500603056,40.0,0,0,0,0,
long,5,3.0,2.0,random,1736144700,1736147100,2025-01-06,H1,0DTE,-130.98808619138538,-93.32412428210924,37.66396190927615,10.392359612109232,40.0,0,0,0,0,
short,5,3.0,2.0,random,1735697100,1735700400,2025-01-01,H1,0DTE,-207.77421763237223,-172.2626842802048,35.51153335216742,10.374409430204793,55.0,0,0,0,0,
short,5,3.0,2.0,random,1736229600,1736233500,2025-01-07,H1,0DTE,-104.52340276949353,-76.90413656280317,27.619266206690355,7.938952512803155,65.0,0,0,0,0,
short,5,3.0,2.0,random,1736219100,1736224200,2025-01-07,H1,0DTE,-164.92777485710212,-126.66264527131466,38.26512958578745,10.513905481314623,85.0,0,0,0,0,
long,5,3.0,2.0,random,1735798500,1735819200,2025-01-02,H1,0DTE,301.95672533712735,326.9359826922421,24.97925735511475,8.75477054175786,345.0,1,1,0,0,
long,5,3.0,2.0,random,1735788300,1735819200,2025-01-02,H1,0DTE,537.8097559683849,562.9102643390232,25.100508370638288,8.836480008976736,515.0,1,1,0,0,
long,5,3.0,2.0,random,1736195700,1736199900,2025-01-07,H1,0DTE,-251.28869909934832,-205.49838197443646,45.79031712491188,11.892188024436422,70.0,0,0,0,0,
short,5,3.0,2.0,random,1736420700,1736436000,2025-01-09,H1,1DTE,-167.79003696092636,-123.99913018722863,43.79090677369772,16.66720714722869,255.0,0,1,0,0,
short,5,3.0,2.0,random,1736284200,1736289600,2025-01-08,H1,0DTE,-83.81430348188732,-42.64237820784189,41.171925274045435,13.63457991784194,90.0,0,1,0,0,
long,5,3.0,2.0,random,1735846800,1735853100,2025-01-03,H1,0DTE,-258.6804261372797,-216.13238881789115,42.54803731938858,13.514674757891129,105.0,0,0,0,0,
long,5,3.0,2.0,random,1736182800,1736185200,2025-01-06,H1,1DTE,-253.88558728895208,-205.85958728895207,48.026,16.113185278952074,40.0,0,0,0,0,
short,5,3.0,2.0,random,1736215200,1736224200,2025-01-07,H1,0DTE,-201.2468213259785,-166.33217745857667,34.91464386740182,13.439054948576683,150.0,0,0,0,0,
short,5,3.0,2.0,random,1735863600,1735870500,2025-01-03,H1,0DTE,-194.1779464672201,-156.1401100088324,38.03783645838769,10.706541168832416,115.0,0,0,0,0,
long,5,3.0,2.0,random,1736475000,1736508900,2025-01-10,H1,0DTE,672.0633080765645,702.3336726806104,30.270364604045984,14.838479507389632,565.0,1,1,0,0,
long,5,3.0,2.0,random,1736299500,1736301000,2025-01-08,H1,0DTE,-92.9057790418606,-55.05915332241801,37.84662571944258,10.94076767241802,25.0,0,0,0,0,
long,5,3.0,2.0,random,1735852200,1735853100,2025-01-03,H1,0DTE,-66.09736660055681,-24.16109178779674,41.936274812760075,13.410484633796823,15.0,0,1,0,0,
long,5,3.0,2.0,random,1735761000,1735776300,2025-01-02,H1,0DTE,-241.657336642731,-200.81389776444237,40.84343887828862,12.074878034442378,255.0,0,0,0,0,
long,5,3.0,2.0,random,1736475300,1736508900,2025-01-10,H1,0DTE,585.7926809154322,615.4386255059087,29.645944590476486,13.991553072091307,560.0,1,1,0,0,
long,5,3.0,2.0,random,1736291700,1736301000,2025-01-08,H1,0DTE,-303.4145519952362,-264.1981258211613,39.216426174074904,11.687134621161334,155.0,0,0,0,0,
long,5,3.0,2.0,random,1735816800,1735826100,2025-01-02,H1,1DTE,-346.8089981694229,-301.23964016942296,45.569357999999994,17.432936569423077,155.0,0,0,0,0,
short,5,3.0,2.0,random,1736277900,1736289600,2025-01-08,H1,0DTE,-275.0708989755609,-229.58773980819,45.4831591673709,12.553308818190033,195.0,0,0,0,0,
short,5,3.0,2.0,random,1736429400,1736436000,2025-01-09,H1,1DTE,-152.81028261762893,-108.91097861762893,43.899304,14.455808407628979,110.0,0,0,0,0,
short,5,3.0,2.0,random,1735776600,1735777800,2025-01-02,H1,0DTE,-118.86745508609118,-76.22720730676858,42.64024777932261,13.009444866768547,20.0,0,0,0,0,
long,5,3.0,2.0,random,1735804500,1735819200,2025-01-02,H1,0DTE,274.2062753727676,297.5721027937091,23.365827420941496,7.48325351429082,245.0,1,1,0,0,
short,5,3.0,2.0,random,1736435700,1736436000,2025-01-09,H1,1DTE,-83.62542640470475,-39.66948240470475,43.955944,14.277482884704682,5.0,0,0,0,0,
long,5,3.0,2.0,random,1736401500,1736405700,2025-01-09,H1,1DTE,-233.7863028902796,-189.30856289027957,44.477740000000004,17.677296420279447,70.0,0,0,0,0,
short,5,3.0,2.0,random,1736518200,1736518800,2025-01-10,H1,1DTE,-105.54549095359793,-61.083680953597934,44.46181,17.03345792359795,10.0,0,0,0,0,
short,5,3.0,2.0,random,1735680000,1735691700,2025-01-01,H1,0DTE,-359.72103039861656,-320.72871395619984,38.99231644241672,11.72662883619978,195.0,0,0,0,0,
long,5,3.0,2.0,random,1736289900,1736301000,2025-01-08,H1,0DTE,-365.4216979322631,-326.9675809619329,38.45411697033016,11.890069591933042,185.0,0,0,0,0,
short,5,3.0,2.0,random,1736421900,1736436000,2025-01-09,H1,1DTE,-21.703331782236404,20.42870984634299,42.132041628579394,15.861151757657023,235.0,0,1,0,0,
long,5,3.0,2.0,random,1735784700,1735819200,2025-01-02,H1,0DTE,513.3443470690731,538.9773026269247,25.632955557851623,9.56358513907539,575.0,1,1,0,0,
short,5,3.0,2.0,random,1736282700,1736289600,2025-01-08,H1,0DTE,-220.39914206801456,-178.6121274516018,41.78701461641276,13.351080751601785,115.0,0,0,0,0,
long,5,3.0,2.0,random,1736184300,1736185200,2025-01-06,H1,1DTE,-180.34949284636576,-132.6323871906883,47.71710565567747,15.610893640688346,15.0,0,0,0,0,
long,5,3.0,2.0,random,1736500200,1736508900,2025-01-10,H1,0DTE,-168.3612863036383,-145.28182226489196,23.07946403874635,9.877201944891954,145.0,0,0,0,0,
long,5,3.0,2.0,random,1735813500,1735826100,2025-01-02,H1,1DTE,-411.4416341434072,-365.8589421434072,45.582691999999994,17.81257031340715,210.0,0,0,0,0,
short,5,3.0,2.0,random,1735755000,1735756500,2025-01-01,H1,1DTE,-130.49354640222907,-87.43253508724706,43.06101131498202,13.841369077247094,25.0,0,0,0,0,
long,5,3.0,2.0,random,1736479200,1736508900,2025-01-10,H1,0DTE,563.3022546321117,591.4201018333686,28.117847201256794,12.238705644631345,495.0,1,1,0,0,
short,5,3.0,2.5,signal,1735696500,1735700400,2025-01-01,H1,0DTE,-197.66883186709418,-162.22255198368293,35.446279883411265,10.092047403682955,65.0,0,0,0,0,
short,5,3.0,2.5,signal,1735720200,1735725900,2025-01-01,H1,1DTE,-133.23324404041102,-89.12036004041101,44.112883999999994,15.624617710410973,95.0,0,0,0,0,
long,5,3.0,2.5,signal,1735734000,1735742100,2025-01-01,H1,1DTE,-30.338886053035793,10.476919365928978,40.81580541896477,17.027279424071025,135.0,0,0,0,0,
long,5,3.0,2.5,signal,1735758000,1735776300,2025-01-02,H1,0DTE,-135.60761508596377,-97.98607355495616,37.62154153100761,12.932936704956148,305.0,0,0,0,0,
long,5,3.0,2.5,signal,1735779900,1735819200,2025-01-02,H1,0DTE,579.815282639379,599.9201948670901,20.10491222771114,6.214734142909862,655.0,1,0,0,0,
long,5,3.0,2.5,signal,1735845900,1735853100,2025-01-03,H1,0DTE,-322.2358186406569,-276.4790747926953,45.75674384796157,12.681133682695247,120.0,0,0,0,0,
long,5,3.0,2.5,signal,1735900500,1735910400,2025-01-03,H1,1DTE,-198.4573570561849,-153.4954383019478,44.961918754237104,15.259976101947814,165.0,0,0,0,0,
long,5,3.0,2.5,signal,1735917000,1735938300,2025-01-03,H1,1DTE,-17.11979829323228,17.673030220288638,34.79282851352092,14.502744359711464,355.0,0,0,1,0,
long,5,3.0,2.5,signal,1736130900,1736147100,2025-01-06,H1,0DTE,-74.39085557517262,-41.45335820470389,32.93749737046873,13.56847451470388,270.0,0,0,0,0,
short,5,3.0,2.5,signal,1736148000,1736162700,2025-01-06,H1,0DTE,-398.95589654690997,-376.9326836391757,22.023212907734262,9.825742049175698,245.0,0,0,0,0,
long,5,3.0,2.5,signal,1736165100,1736168400,2025-01-06,H1,1DTE,-137.6075288722335,-90.7658948722335,46.841634,15.330189602233474,55.0,0,0,0,0,
long,5,3.0,2.5,signal,1736176500,1736185200,2025-01-06,H1,1DTE,-267.3137036763142,-222.7290304267058,44.5846732496084,15.971430506705786,145.0,0,0,0,0,
short,5,3.0,2.5,signal,1736200800,1736207100,2025-01-07,H1,0DTE,-218.94628490367762,-177.25767909159705,41.68860581208058,11.384269251597061,105.0,0,0,0,0,
short,5,3.0,2.5,signal,1736236500,1736239800,2025-01-07,H1,0DTE,-74.63447798391613,-50.1669474740234,24.467530509892725,11.031148834023384,55.0,0,0,0,0,
long,5,3.0,2.5,signal,1736361600,1736388600,2025-01-09,H1,0DTE,1.6678481861919963,36.04816684235266,34.38031865616066,23.79693618764742,450.0,1,0,0,0,
short,5,3.0,2.5,signal,1736458200,1736462400,2025-01-10,H1,0DTE,-229.39151184588866,-185.9948612685639,43.39665057732476,12.32152622856384,70.0,0,0,0,0,
long,5,3.0,2.5,signal,1736470500,1736508900,2025-01-10,H1,0DTE,964.3680808181705,994.1960680696077,29.827987251437182,15.563197756392439,640.0,1,1,0,0,
long,5,3.0,2.5,random,1735906200,1735910400,2025-01-03,H1,1DTE,-178.08302468108718,-132.44994668108717,45.633078,14.893859581087156,70.0,0,0,0,0,
long,5,3.0,2.5,random,1735926000,1735938300,2025-01-03,H1,1DTE,-425.08578477391296,-390.3609913802892,34.72479339362378,12.973446560289212,205.0,0,0,1,0,
long,5,3.0,2.5,random,1735777800,1735819200,2025-01-02,H1,0DTE,617.5778426379129,644.0307567758801,26.45291413796724,10.096548790119746,690.0,1,1,0,0,
long,5,3.0,2.5,random,1735703100,1735704900,2025-01-01,H1,0DTE,-90.01882345903226,-57.909567822015816,32.109255637016446,7.91899791201584,30.0,0,0,0,0,
long,5,3.0,2.5,random,1736478300,1736508900,2025-01-10,H1,0DTE,691.0725050528927,719.7935313795615,28.72102632666882,13.50328997643832,510.0,1,1,0,0,
short,5,3.0,2.5,random,1736122200,1736128500,2025-01-06,H1,0DTE,-79.68458371480261,-41.71382789981975,37.97075581498286,11.032424703819766,105.0,0,1,0,0,
long,5,3.0,2.5,random,1736197800,1736199900,2025-01-07,H1,0DTE,-211.867863701041,-167.4148709852391,44.452992715801884,11.474953345239072,35.0,0,0,0,0,
long,5,3.0,2.5,random,1736505300,1736508900,2025-01-10,H1,0DTE,-198.6150796189741,-182.2570637345115,16.358015884462617,12.018800934511496,60.0,0,0,0,0,
long,5,3.0,2.5,random,1735923600,1735938300,2025-01-03,H1,1DTE,-270.99284113757403,-237.36282778933247,33.63001334824155,13.050616409332537,245.0,0,0,1,0,
short,5,3.0,2.5,random,1735863000,1735870500,2025-01-03,H1,0DTE,-205.13372912390878,-167.3438435402543,37.78988558365446,9.91287463025435,125.0,0,0,0,0,
long,5,3.0,2.5,random,1736343900,1736350200,2025-01-08,H1,1DTE,-327.5776084037568,-282.7143624037568,44.863246000000004,25.22767767375683,105.0,0,0,0,0,
long,5,3.0,2.5,random,1735775400,1735776300,2025-01-02,H1,0DTE,-112.3167571102599,-71.5157438630767,40.80101324718321,12.966939973076677,15.0,0,0,0,0,
short,5,3.0,2.5,random,1735680600,1735691700,2025-01-01,H1,0DTE,-340.10302334474187,-300.8206748295063,39.282348515235604,11.611159639506326,185.0,0,0,0,0,
long,5,3.0,2.5,random,1736209500,1736211900,2025-01-07,H1,0DTE,-84.94090694923369,-42.68856565060307,42.252341298630625,11.176556500603056,40.0,0,0,0,0,
long,5,3.0,2.5,random,1736144700,1736147100,2025-01-06,H1,0DTE,-130.98808619138538,-93.32412428210924,37.66396190927615,10.392359612109232,40.0,0,0,0,0,
short,5,3.0,2.5,random,1735697100,1735700400,2025-01-01,H1,0DTE,-207.77421763237223,-172.2626842802048,35.51153335216742,10.374409430204793,55.0,0,0,0,0,
short,5,3.0,2.5,random,1736229600,1736233500,2025-01-07,H1,0DTE,-104.52340276949353,-76.90413656280317,27.619266206690355,7.938952512803155,65.0,0,0,0,0,
short,5,3.0,2.5,random,1736219100,1736224200,2025-01-07,H1,0DTE,-164.92777485710212,-126.66264527131466,38.26512958578745,10.513905481314623,85.0,0,0,0,0,
long,5,3.0,2.5,random,1735798500,1735819200,2025-01-02,H1,0DTE,296.13093634567906,321.0521025806287,24.921166234949602,8.63781371337125,345.0,1,1,0,0,
long,5,3.0,2.5,random,1735788300,1735819200,2025-01-02,H1,0DTE,575.9881569935883,600.7034465689658,24.71528957537743,8.20900449703424,515.0,1,1,0,0,
long,5,3.0,2.5,random,1736195700,1736199900,2025-01-07,H1,0DTE,-251.28869909934832,-205.49838197443646,45.79031712491188,11.892188024436422,70.0,0,0,0,0,
short,5,3.0,2.5,random,1736420700,1736436000,2025-01-09,H1,1DTE,-128.60738091944077,-86.17500030789998,42.43238061154079,16.614587041899988,255.0,0,1,0,0,
short,5,3.0,2.5,random,1736284200,1736289600,2025-01-08,H1,0DTE,-244.52075258744085,-200.317824640018,44.20292794742287,13.304405600017986,90.0,0,0,0,0,
long,5,3.0,2.5,random,1735846800,1735853100,2025-01-03,H1,0DTE,-258.6804261372797,-216.13238881789115,42.54803731938858,13.514674757891129,105.0,0,0,0,0,
long,5,3.0,2.5,random,1736182800,1736185200,2025-01-06,H1,1DTE,-253.88558728895208,-205.85958728895207,48.026,16.113185278952074,40.0,0,0,0,0,
short,5,3.0,2.5,random,1736215200,1736224200,2025-01-07,H1,0DTE,-201.2468213259785,-166.33217745857667,34.91464386740182,13.439054948576683,150.0,0,0,0,0,
short,5,3.0,2.5,random,1735863600,1735870500,2025-01-03,H1,0DTE,-194.1779464672201,-156.1401100088324,38.03783645838769,10.706541168832416,115.0,0,0,0,0,
long,5,3.0,2.5,random,1736475000,1736508900,2025-01-10,H1,0DTE,718.3588298687949,748.4942484673134,30.135418598518367,14.91898989068678,565.0,1,1,0,0,
long,5,3.0,2.5,random,1736299500,1736301000,2025-01-08,H1,0DTE,-92.9057790418606,-55.05915332241801,37.84662571944258,10.94076767241802,25.0,0,0,0,0,
long,5,3.0,2.5,random,1735852200,1735853100,2025-01-03,H1,0DTE,-66.09736660055681,-24.16109178779674,41.936274812760075,13.410484633796823,15.0,0,1,0,0,
long,5,3.0,2.5,random,1735761000,1735776300,2025-01-02,H1,0DTE,-241.657336642731,-200.81389776444237,40.84343887828862,12.074878034442378,255.0,0,0,0,0,
long,5,3.0,2.5,random,1736475300,1736508900,2025-01-10,H1,0DTE,717.8237115772289,746.9847544991494,29.16104292192056,14.074830970850707,560.0,1,1,0,0,
long,5,3.0,2.5,random,1736291700,1736301000,2025-01-08,H1,0DTE,-303.4145519952362,-264.1981258211613,39.216426174074904,11.687134621161334,155.0,0,0,0,0,
long,5,3.0,2.5,random,1735816800,1735826100,2025-01-02,H1,1DTE,-346.8089981694229,-301.23964016942296,45.569357999999994,17.432936569423077,155.0,0,0,0,0,
short,5,3.0,2.5,random,1736277900,1736289600,2025-01-08,H1,0DTE,-275.0708989755609,-229.58773980819,45.4831591673709,12.553308818190033,195.0,0,0,0,0,
short,5,3.0,2.5,random,1736429400,1736436000,2025-01-09,H1,1DTE,-152.81028261762893,-108.91097861762893,43.899304,14.455808407628979,110.0,0,0,0,0,
short,5,3.0,2.5,random,1735776600,1735777800,2025-01-02,H1,0DTE,-118.86745508609118,-76.22720730676858,42.64024777932261,13.009444866768547,20.0,0,0,0,0,
long,5,3.0,2.5,random,1735804500,1735819200,2025-01-02,H1,0DTE,337.60191553990796,360.9019278053442,23.300012265436223,7.437267010655811,245.0,1,1,0,0,
short,5,3.0,2.5,random,1736435700,1736436000,2025-01-09,H1,1DTE,-83.62542640470475,-39.66948240470475,43.955944,14.277482884704682,5.0,0,0,0,0,
long,5,3.0,2.5,random,1736401500,1736405700,2025-01-09,H1,1DTE,-233.7863028902796,-189.30856289027957,44.477740000000004,17.677296420279447,70.0,0,0,0,0,
short,5,3.0,2.5,random,1736518200,1736518800,2025-01-10,H1,1DTE,-105.54549095359793,-61.083680953597934,44.46181,17.03345792359795,10.0,0,0,0,0,
short,5,3.0,2.5,random,1735680000,1735691700,2025-01-01,H1,0DTE,-359.72103039861656,-320.72871395619984,38.99231644241672,11.72662883619978,195.0,0,0,0,0,
long,5,3.0,2.5,random,1736289900,1736301000,2025-01-08,H1,0DTE,-365.4216979322631,-326.9675809619329,38.45411697033016,11.890069591933042,185.0,0,0,0,0,
short,5,3.0,2.5,random,1736421900,1736436000,2025-01-09,H1,1DTE,-21.703331782236404,20.42870984634299,42.132041628579394,15.861151757657023,235.0,0,1,0,0,
long,5,3.0,2.5,random,1735784700,1735819200,2025-01-02,H1,0DTE,602.9831454289753,628.483130922689,25.499985493713726,9.567579565311057,575.0,1,1,0,0,
short,5,3.0,2.5,random,1736282700,1736289600,2025-01-08,H1,0DTE,-220.39914206801456,-178.6121274516018,41.78701461641276,13.351080751601785,115.0,0,0,0,0,
long,5,3.0,2.5,random,1736184300,1736185200,2025-01-06,H1,1DTE,-180.34949284636576,-132.6323871906883,47.71710565567747,15.610893640688346,15.0,0,0,0,0,
long,5,3.0,2.5,random,1736500200,1736508900,2025-01-10,H1,0DTE,-168.3612863036383,-145.28182226489196,23.07946403874635,9.877201944891954,145.0,0,0,0,0,
long,5,3.0,2.5,random,1735813500,1735826100,2025-01-02,H1,1DTE,-411.4416341434072,-365.8589421434072,45.582691999999994,17.81257031340715,210.0,0,0,0,0,
short,5,3.0,2.5,random,1735755000,1735756500,2025-01-01,H1,1DTE,-130.49354640222907,-87.43253508724706,43.06101131498202,13.841369077247094,25.0,0,0,0,0,
long,5,3.0,2.5,random,1736479200,1736508900,2025-01-10,H1,0DTE,727.027142936656,755.1711862040777,28.14404326742165,13.182344681922226,495.0,1,1,0,0,
short,5,3.0,3.0,signal,1735696500,1735700400,2025-01-01,H1,0DTE,-197.66883186709418,-162.22255198368293,35.446279883411265,10.092047403682955,65.0,0,0,0,0,
short,5,3.0,3.0,signal,1735720200,1735725900,2025-01-01,H1,1DTE,-133.23324404041102,-89.12036004041101,44.112883999999994,15.624617710410973,95.0,0,0,0,0,
long,5,3.0,3.0,signal,1735734000,1735742100,2025-01-01,H1,1DTE,-30.338886053035793,10.476919365928978,40.81580541896477,17.027279424071025,135.0,0,0,0,0,
long,5,3.0,3.0,signal,1735758000,1735776300,2025-01-02,H1,0DTE,-135.60761508596377,-97.98607355495616,37.62154153100761,12.932936704956148,305.0,0,0,0,0,
long,5,3.0,3.0,signal,1735779900,1735819200,2025-01-02,H1,0DTE,579.815282639379,599.9201948670901,20.10491222771114,6.214734142909862,655.0,1,0,0,0,
long,5,3.0,3.0,signal,1735845900,1735853100,2025-01-03,H1,0DTE,-322.2358186406569,-276.4790747926953,45.75674384796157,12.681133682695247,120.0,0,0,0,0,
long,5,3.0,3.0,signal,1735900500,1735910400,2025-01-03,H1,1DTE,-198.4573570561849,-153.4954383019478,44.961918754237104,15.259976101947814,165.0,0,0,0,0,
long,5,3.0,3.0,signal,1735917000,1735938300,2025-01-03,H1,1DTE,-17.11979829323228,17.673030220288638,34.79282851352092,14.502744359711464,355.0,0,0,1,0,
long,5,3.0,3.0,signal,1736130900,1736147100,2025-01-06,H1,0DTE,-74.39085557517262,-41.45335820470389,32.93749737046873,13.56847451470388,270.0,0,0,0,0,
short,5,3.0,3.0,signal,1736148000,1736162700,2025-01-06,H1,0DTE,-398.95589654690997,-376.9326836391757,22.023212907734262,9.825742049175698,245.0,0,0,0,0,
long,5,3.0,3.0,signal,1736165100,1736168400,2025-01-06,H1,1DTE,-137.6075288722335,-90.7658948722335,46.841634,15.330189602233474,55.0,0,0,0,0,
long,5,3.0,3.0,signal,1736176500,1736185200,2025-01-06,H1,1DTE,-267.3137036763142,-222.7290304267058,44.5846732496084,15.971430506705786,145.0,0,0,0,0,
short,5,3.0,3.0,signal,1736200800,1736207100,2025-01-07,H1,0DTE,-218.94628490367762,-177.25767909159705,41.68860581208058,11.384269251597061,105.0,0,0,0,0,
short,5,3.0,3.0,signal,1736236500,1736239800,2025-01-07,H1,0DTE,-74.63447798391613,-50.1669474740234,24.467530509892725,11.031148834023384,55.0,0,0,0,0,
long,5,3.0,3.0,signal,1736361600,1736388600,2025-01-09,H1,0DTE,1.6678481861919963,36.04816684235266,34.38031865616066,23.79693618764742,450.0,1,0,0,0,
short,5,3.0,3.0,signal,1736458200,1736462400,2025-01-10,H1,0DTE,-229.39151184588866,-185.9948612685639,43.39665057732476,12.32152622856384,70.0,0,0,0,0,
long,5,3.0,3.0,signal,1736470500,1736508900,2025-01-10,H1,0DTE,1184.8364613143578,1214.6496828606569,29.813221546299072,16.768404635343288,640.0,1,1,0,0,
long,5,3.0,3.0,random,1735906200,1735910400,2025-01-03,H1,1DTE,-178.08302468108718,-132.44994668108717,45.633078,14.893859581087156,70.0,0,0,0,0,
long,5,3.0,3.0,random,1735926000,1735938300,2025-01-03,H1,1DTE,-425.08578477391296,-390.3609913802892,34.72479339362378,12.973446560289212,205.0,0,0,1,0,
long,5,3.0,3.0,random,1735777800,1735819200,2025-01-02,H1,0DTE,740.831522226322,767.1956560468965,26.364133820574416,10.664425703103518,690.0,1,1,0,0,
long,5,3.0,3.0,random,1735703100,1735704900,2025-01-01,H1,0DTE,-90.01882345903226,-57.909567822015816,32.109255637016446,7.91899791201584,30.0,0,0,0,0,
long,5,3.0,3.0,random,1736478300,1736508900,2025-01-10,H1,0DTE,691.0725050528927,719.7935313795615,28.72102632666882,13.50328997643832,510.0,1,1,0,0,
short,5,3.0,3.0,random,1736122200,1736128500,2025-01-06,H1,0DTE,-62.26559771958749,-24.88707222021507,37.37852549937242,11.092380460215109,105.0,0,1,0,0,
long,5,3.0,3.0,random,1736197800,1736199900,2025-01-07,H1,0DTE,-211.867863701041,-167.4148709852391,44.452992715801884,11.474953345239072,35.0,0,0,0,0,
long,5,3.0,3.0,random,1736505300,1736508900,2025-01-10,H1,0DTE,-198.6150796189741,-182.2570637345115,16.358015884462617,12.018800934511496,60.0,0,0,0,0,
long,5,3.0,3.0,random,1735923600,1735938300,2025-01-03,H1,1DTE,-270.99284113757403,-237.36282778933247,33.63001334824155,13.050616409332537,245.0,0,0,1,0,
short,5,3.0,3.0,random,1735863000,1735870500,2025-01-03,H1,0DTE,-205.13372912390878,-167.3438435402543,37.78988558365446,9.91287463025435,125.0,0,0,0,0,
long,5,3.0,3.0,random,1736343900,1736350200,2025-01-08,H1,1DTE,-327.5776084037568,-282.7143624037568,44.863246000000004,25.22767767375683,105.0,0,0,0,0,
long,5,3.0,3.0,random,1735775400,1735776300,2025-01-02,H1,0DTE,-112.3167571102599,-71.5157438630767,40.80101324718321,12.966939973076677,15.0,0,0,0,0,
short,5,3.0,3.0,random,1735680600,1735691700,2025-01-01,H1,0DTE,-340.10302334474187,-300.8206748295063,39.282348515235604,11.611159639506326,185.0,0,0,0,0,
long,5,3.0,3.0,random,1736209500,1736211900,2025-01-07,H1,0DTE,-84.94090694923369,-42.68856565060307,42.252341298630625,11.176556500603056,40.0,0,0,0,0,
long,5,3.0,3.0,random,1736144700,1736147100,2025-01-06,H1,0DTE,-130.98808619138538,-93.32412428210924,37.66396190927615,10.392359612109232,40.0,0,0,0,0,
short,5,3.0,3.0,random,1735697100,1735700400,2025-01-01,H1,0DTE,-207.77421763237223,-172.2626842802048,35.51153335216742,10.374409430204793,55.0,0,0,0,0,
short,5,3.0,3.0,random,1736229600,1736233500,2025-01-07,H1,0DTE,-104.52340276949353,-76.90413656280317,27.619266206690355,7.938952512803155,65.0,0,0,0,0,
short,5,3.0,3.0,random,1736219100,1736224200,2025-01-07,H1,0DTE,-164.92777485710212,-126.66264527131466,38.26512958578745,10.513905481314623,85.0,0,0,0,0,
long,5,3.0,3.0,random,1735798500,1735819200,2025-01-02,H1,0DTE,338.4687186869591,363.0694786565586,24.6007599695995,8.531412367441318,345.0,1,1,0,0,
long,5,3.0,3.0,random,1735788300,1735819200,2025-01-02,H1,0DTE,713.8280926724892,738.5252525516341,24.697159879144937,8.95136335236571,515.0,1,1,0,0,
long,5,3.0,3.0,random,1736195700,1736199900,2025-01-07,H1,0DTE,-251.28869909934832,-205.49838197443646,45.79031712491188,11.892188024436422,70.0,0,0,0,0,
short,5,3.0,3.0,random,1736420700,1736436000,2025-01-09,H1,1DTE,-154.39610405311785,-111.3044408727559,43.09166318036194,16.57044637475597,255.0,0,1,0,0,
short,5,3.0,3.0,random,1736284200,1736289600,2025-01-08,H1,0DTE,-244.52075258744085,-200.317824640018,44.20292794742287,13.304405600017986,90.0,0,0,0,0,
long,5,3.0,3.0,random,1735846800,1735853100,2025-01-03,H1,0DTE,-258.6804261372797,-216.13238881789115,42.54803731938858,13.514674757891129,105.0,0,0,0,0,
long,5,3.0,3.0,random,1736182800,1736185200,2025-01-06,H1,1DTE,-253.88558728895208,-205.85958728895207,48.026,16.113185278952074,40.0,0,0,0,0,
short,5,3.0,3.0,random,1736215200,1736224200,2025-01-07,H1,0DTE,-201.2468213259785,-166.33217745857667,34.91464386740182,13.439054948576683,150.0,0,0,0,0,
short,5,3.0,3.0,random,1735863600,1735870500,2025-01-03,H1,0DTE,-194.1779464672201,-156.1401100088324,38.03783645838769,10.706541168832416,115.0,0,0,0,0,
long,5,3.0,3.0,random,1736475000,1736508900,2025-01-10,H1,0DTE,933.0797182615054,963.2078853143751,30.12816705286966,16.101285293625004,565.0,1,1,0,0,
long,5,3.0,3.0,random,1736299500,1736301000,2025-01-08,H1,0DTE,-92.9057790418606,-55.05915332241801,37.84662571944258,10.94076767241802,25.0,0,0,0,0,
long,5,3.0,3.0,random,1735852200,1735853100,2025-01-03,H1,0DTE,-66.09736660055681,-24.16109178779674,41.936274812760075,13.410484633796823,15.0,0,1,0,0,
long,5,3.0,3.0,random,1735761000,1735776300,2025-01-02,H1,0DTE,-241.657336642731,-200.81389776444237,40.84343887828862,12.074878034442378,255.0,0,0,0,0,
long,5,3.0,3.0,random,1736475300,1736508900,2025-01-10,H1,0DTE,781.6642506262881,810.7393603937799,29.075109767491746,14.314092640220208,560.0,1,1,0,0,
long,5,3.0,3.0,random,1736291700,1736301000,2025-01-08,H1,0DTE,-303.4145519952362,-264.1981258211613,39.216426174074904,11.687134621161334,155.0,0,0,0,0,
long,5,3.0,3.0,random,1735816800,1735826100,2025-01-02,H1,1DTE,-346.8089981694229,-301.23964016942296,45.569357999999994,17.432936569423077,155.0,0,0,0,0,
short,5,3.0,3.0,random,1736277900,1736289600,2025-01-08,H1,0DTE,-275.0708989755609,-229.58773980819,45.4831591673709,12.553308818190033,195.0,0,0,0,0,
short,5,3.0,3.0,random,1736429400,1736436000,2025-01-09,H1,1DTE,-152.81028261762893,-108.91097861762893,43.899304,14.455808407628979,110.0,0,0,0,0,
short,5,3.0,3.0,random,1735776600,1735777800,2025-01-02,H1,0DTE,-118.86745508609118,-76.22720730676858,42.64024777932261,13.009444866768547,20.0,0,0,0,0,
long,5,3.0,3.0,random,1735804500,1735819200,2025-01-02,H1,0DTE,401.0667377595418,424.24124236075596,23.174504601214128,7.658812763243992,245.0,1,1,0,0,
short,5,3.0,3.0,random,1736435700,1736436000,2025-01-09,H1,1DTE,-83.62542640470475,-39.66948240470475,43.955944,14.277482884704682,5.0,0,0,0,0,
long,5,3.0,3.0,random,1736401500,1736405700,2025-01-09,H1,1DTE,-233.7863028902796,-189.30856289027957,44.477740000000004,17.677296420279447,70.0,0,0,0,0,
short,5,3.0,3.0,random,1736518200,1736518800,2025-01-10,H1,1DTE,-105.54549095359793,-61.083680953597934,44.46181,17.03345792359795,10.0,0,0,0,0,
short,5,3.0,3.0,random,1735680000,1735691700,2025-01-01,H1,0DTE,-359.72103039861656,-320.72871395619984,38.99231644241672,11.72662883619978,195.0,0,0,0,0,
long,5,3.0,3.0,random,1736289900,1736301000,2025-01-08,H1,0DTE,-365.4216979322631,-326.9675809619329,38.45411697033016,11.890069591933042,185.0,0,0,0,0,
short,5,3.0,3.0,random,1736421900,1736436000,2025-01-09,H1,1DTE,-24.228509104535554,17.751349589715183,41.97985869425074,15.822891992284855,235.0,0,1,0,0,
long,5,3.0,3.0,random,1735784700,1735819200,2025-01-02,H1,0DTE,606.0141050246325,631.5147895986943,25.5006845740618,9.581117485305873,575.0,1,1,0,0,
short,5,3.0,3.0,random,1736282700,1736289600,2025-01-08,H1,0DTE,-220.39914206801456,-178.6121274516018,41.78701461641276,13.351080751601785,115.0,0,0,0,0,
long,5,3.0,3.0,random,1736184300,1736185200,2025-01-06,H1,1DTE,-180.34949284636576,-132.6323871906883,47.71710565567747,15.610893640688346,15.0,0,0,0,0,
long,5,3.0,3.0,random,1736500200,1736508900,2025-01-10,H1,0DTE,-168.3612863036383,-145.28182226489196,23.07946403874635,9.877201944891954,145.0,0,0,0,0,
long,5,3.0,3.0,random,1735813500,1735826100,2025-01-02,H1,1DTE,-411.4416341434072,-365.8589421434072,45.582691999999994,17.81257031340715,210.0,0,0,0,0,
short,5,3.0,3.0,random,1735755000,1735756500,2025-01-01,H1,1DTE,-130.49354640222907,-87.43253508724706,43.06101131498202,13.841369077247094,25.0,0,0,0,0,
long,5,3.0,3.0,random,1736479200,1736508900,2025-01-10,H1,0DTE,727.027142936656,755.1711862040777,28.14404326742165,13.182344681922226,495.0,1,1,0,0,
