session_end,period,event,direction,ts,ist,L,H,W,atr,B,form_ts,form_ist,pivot1_kind,pivot1_ts,confirm1_ts,pivot2_kind,pivot2_ts,confirm2_ts,test_ts,accept_ts,spot,fwd_30m_atr,fwd_1h_atr,fwd_2h_atr,fwd_exp_atr,base_30m,base_1h,base_2h,base_exp,toward_mid_30m,toward_mid_1h,toward_mid_2h,stayed_inside,prem,w_over_prem
2024-07-01,2024H2,ACCEPT_1C,up,1719773400,2024-07-01 00:20,61582.0,61883.0,301.0,90.05375364431487,25.0,1719757500,2024-06-30 19:55,low,1719755100,1719755400,high,1719756300,1719757500,1719773400,1719773400,61973.5,0.6385075321469401,0.8383881509059823,0.877253826775796,7.745373976912882,-1.7087016784193114,-3.163110791861842,-2.891051060773145,-14.414168732231923,nan,nan,nan,0,nan,nan
2024-07-01,2024H2,ACCEPT_2C,up,1719773700,2024-07-01 00:25,61582.0,61883.0,301.0,90.05375364431487,25.0,1719757500,2024-06-30 19:55,low,1719755100,1719755400,high,1719756300,1719757500,1719773700,1719773700,61971.0,0.5385672227674191,1.1659702760944124,1.1937314731442794,7.773135173962749,-1.5640658417895046,-2.87550479042522,-2.8299764272634382,-14.364753801483161,nan,nan,nan,0,nan,nan
2024-07-01,2024H2,FAIL,,1719757800,2024-06-30 20:00,61582.0,61883.0,301.0,90.05375364431487,25.0,1719757500,2024-06-30 19:55,low,1719755100,1719755400,high,1719756300,1719757500,1719757800,0,61611.0,nan,nan,nan,nan,nan,nan,nan,nan,-0.06662687291968071,0.7828657568062483,0.10549254878949445,0,nan,nan
2024-07-01,2024H2,FAIL,,1719758400,2024-06-30 20:10,61582.0,61883.0,301.0,90.05375364431487,25.0,1719757500,2024-06-30 19:55,low,1719755100,1719755400,high,1719756300,1719757500,1719758400,0,61579.5,nan,nan,nan,nan,nan,nan,nan,nan,0.8883583055957428,1.3380896978035874,0.8328359114960089,0,nan,nan
2024-07-01,2024H2,FAIL,,1719768300,2024-06-30 22:55,61582.0,61883.0,301.0,90.05375364431487,25.0,1719757500,2024-06-30 19:55,low,1719755100,1719755400,high,1719756300,1719757500,1719768300,0,61821.5,nan,nan,nan,nan,nan,nan,nan,nan,0.721791123296541,0.749552320346408,-2.1986868063494636,0,nan,nan
2024-07-02,2024H2,ACCEPT_1C,up,1719840600,2024-07-01 19:00,62680.5,62909.0,228.5,84.91698639748383,25.0,1719840000,2024-07-01 18:50,low,1719836400,1719836700,high,1719838200,1719840000,1719840600,1719840600,62953.5,-3.0382613767325686,-1.2600541368619567,-0.1236501723088836,-1.2423898265321163,-0.9453350078186317,-3.471331384985825,-4.538255728908192,-8.456788570411147,nan,nan,nan,0,nan,nan
2024-07-02,2024H2,ACCEPT_2C,up,1719847200,2024-07-01 20:50,62680.5,62909.0,228.5,84.91698639748383,25.0,1719840000,2024-07-01 18:50,low,1719836400,1719836700,high,1719838200,1719840000,1719847200,1719847200,62949.5,0.8773274130487455,3.7212813761530685,2.2786960325494263,-1.195284998985875,-0.19695706017772174,-0.5626082840054203,-0.06565235339257391,-3.8531748932825445,nan,nan,nan,0,nan,nan
2024-07-03,2024H2,ACCEPT_1C,up,1719924300,2024-07-02 18:15,62730.0,62859.5,129.5,68.80031765526687,25.0,1719923400,2024-07-02 18:00,low,1719922500,1719922800,high,1719922800,1719923400,1719924300,1719924300,62927.0,-0.5886600728056319,0.2470918824122406,-14.643827737078375,-36.67860972160524,0.4990287036953093,-0.3255798921196582,0.5876910850314663,2.5183992250565237,nan,nan,nan,0,nan,nan
2024-07-03,2024H2,ACCEPT_2C,up,1719924600,2024-07-02 18:20,62730.0,62859.5,129.5,68.80031765526687,25.0,1719923400,2024-07-02 18:00,low,1719922500,1719922800,high,1719922800,1719923400,1719924600,1719924600,62991.0,-1.061041612711386,-1.5842950107608367,-14.055167664272744,-37.60883798480427,0.32521652170434606,-0.2720735984649487,0.8561915410791792,3.2844143414024116,nan,nan,nan,0,nan,nan
