arm,st_mult,side,kind,entry_ts,exit_ts,dte,net,gross,fees,slippage,hold_min,target_hit,exit_reason,adx_1h,atr_5m,lph,lpl,htf_1h,htf_4h,day,win,skip,mark_missing
A,4.0,short,signal,1735729500,1735731900,1DTE,-121.33976510166592,-77.25189710166592,44.087868,15.25316951166593,40.0,0,st_flip,12.425324255330352,119.14729680019812,93719.5,93273.5,-1,-1,2025-01-01,0,,0
A,4.0,long,signal,1736118300,1736124900,0DTE,-206.8185261290892,-166.04027322159752,40.778252907491705,12.010390591597485,110.0,0,st_flip,16.496743281882733,108.88564076926085,98675.5,97997.5,1,1,2025-01-06,0,,0
A,4.0,long,signal,1736130900,1736153100,0DTE,-343.3726792771846,-311.5236206579672,31.84905861921743,10.210125787967144,370.0,0,st_flip,15.936536681179629,223.50341006113126,98800.0,98144.0,1,1,2025-01-06,0,,0
A,4.0,long,signal,1736165100,1736169300,1DTE,-210.94739417737372,-164.16877217737374,46.778622,14.938276347373744,70.0,0,st_flip,18.615695704191136,123.08995687673574,99273.0,98922.5,1,1,2025-01-06,0,,0
A,4.0,long,signal,1736176500,1736200800,1DTE,-533.5344889209534,-494.283117272481,39.251371648472514,18.013507942481013,405.0,0,st_flip,20.881085396914575,383.9164857923867,101176.5,99066.5,1,1,2025-01-06,0,,0
A,4.0,short,signal,1736408100,1736436600,1DTE,-349.0345090587958,-304.9205630587958,44.113946,16.824675218795846,475.0,0,st_flip,50.1546521238149,155.59095889122673,95015.0,93637.5,-1,-1,2025-01-09,0,,0
A,4.0,short,signal,1736458200,1736471100,0DTE,-392.8985876416409,-352.0537135117104,40.84487412993055,12.015731751710348,215.0,0,st_flip,44.58605680064135,329.18782540224623,93500.0,92273.5,-1,-1,2025-01-10,0,,0
A,4.0,long,random,1735849800,1735856400,0DTE,-317.2983342291624,-272.77114639008505,44.52718783907734,13.307575490085071,110.0,0,st_flip,41.29802218837626,223.37515516467673,nan,nan,1,1,2025-01-03,0,,0
A,4.0,short,random,1736462400,1736471100,0DTE,-89.36324585589048,-50.86423435247402,38.499011503416455,13.33697992247402,145.0,1,target_flip,44.438780180815876,286.30901826403704,93500.0,92273.5,-1,-1,2025-01-10,0,,0
A,4.0,long,random,1736122800,1736124900,0DTE,-131.04327342472544,-91.22822515390311,39.815048270822324,11.203479853903133,35.0,0,st_flip,16.955159927956966,126.46253596981312,98675.5,97997.5,1,1,2025-01-06,0,,0
A,4.0,long,random,1735904400,1735950900,1DTE,101.9063025317279,139.79755426412913,37.89125173240123,16.56741124587087,775.0,1,target_flip,22.7633716553596,98.58061458996316,nan,nan,1,1,2025-01-03,1,,0
A,4.0,short,random,1736425500,1736436600,1DTE,47.401832280932794,89.22321094079432,41.82137865986152,17.03642420920566,185.0,1,target_flip,51.05145158330787,181.16364658451204,95015.0,93637.5,-1,-1,2025-01-09,1,,0
A,4.0,long,random,1735929000,1735950900,0DTE,-595.6045197001015,-567.3075151146999,28.297004585401634,13.374974514699844,365.0,0,st_flip,23.56038950588359,184.62022630103553,nan,nan,1,1,2025-01-03,0,,0
A,4.0,long,random,1735898700,1735905600,0DTE,-23.84044550332987,-12.126664269019372,11.713781234310499,6.2115289490193675,115.0,0,expiry,24.197520292555414,108.10372813541008,nan,nan,1,1,2025-01-03,0,,0
A,4.0,short,random,1736285400,1736337600,0DTE,521.5924492723103,550.455261638454,28.86281236614366,10.76891402154607,870.0,1,target_expiry,42.802598453143226,250.03009969821647,101683.0,101372.5,-1,-1,2025-01-08,1,,0
A,4.0,long,random,1735917900,1735950900,1DTE,436.34428457142894,469.77811862164083,33.43383405021191,16.390508208359076,550.0,1,target_flip,19.166819248840135,262.38547060005095,nan,nan,1,1,2025-01-03,1,,0
A,4.0,long,random,1735822200,1735826700,1DTE,-326.0608889232102,-280.5702369232102,45.490652,16.041493493210112,75.0,0,st_flip,41.142216945602364,138.73793942040024,nan,nan,1,1,2025-01-02,0,,0
A,4.0,short,random,1736330100,1736348700,1DTE,-274.1804349553462,-229.00507895534622,45.175355999999994,17.20497356534628,310.0,0,st_flip,53.66017413689269,142.07348060386923,101683.0,101372.5,-1,-1,2025-01-08,0,,0
A,4.0,long,random,1736143200,1736153100,0DTE,-356.7243124498157,-326.3106770731729,30.413635376642837,12.486013303172882,165.0,0,st_flip,17.23240353079492,155.42214340847832,98800.0,98144.0,1,1,2025-01-06,0,,0
A,4.0,long,random,1735916400,1735950900,1DTE,347.77793628573653,381.8910693548398,34.11313306910326,17.03218776316013,575.0,1,target_flip,19.112833874321407,222.5967748920712,nan,nan,1,1,2025-01-03,1,,0
A,4.0,short,random,1736308500,1736337600,0DTE,787.3520790414699,804.7649485510179,17.41286950954802,4.361982608982061,485.0,0,expiry,48.068455483481486,201.23917296746228,101683.0,101372.5,-1,-1,2025-01-08,1,,0
A,4.0,long,random,1735838400,1735856400,1DTE,-584.7026570768504,-538.8715750768504,45.831081999999995,13.406489696850258,300.0,0,st_flip,41.41402367536158,299.32575382262087,nan,nan,1,1,2025-01-02,0,,0
A,4.0,short,random,1736432100,1736436600,1DTE,-333.499487851954,-289.59168785195396,43.9078,15.073014691953915,75.0,0,st_flip,51.209908378688674,308.15181517543255,95015.0,93637.5,-1,-1,2025-01-09,0,,0
A,4.0,long,random,1736183100,1736200800,1DTE,-611.9001112643973,-568.6475635734366,43.25254769096063,13.475488423436616,295.0,0,st_flip,26.21016267547964,292.3352595342315,101176.5,99066.5,1,1,2025-01-06,0,,0
A,4.0,long,random,1735851900,1735856400,0DTE,-237.97191492963168,-194.0862928324235,43.885622097208156,13.157875682423565,75.0,0,st_flip,41.802085658668766,206.8891851818943,nan,nan,1,1,2025-01-03,0,,0
A,4.0,short,random,1736275500,1736337600,0DTE,774.2851852853876,796.4852316020185,22.200046316630946,7.152866257981316,1035.0,0,expiry,36.31950673175841,296.9649329107953,101683.0,101372.5,-1,-1,2025-01-08,1,,0
A,4.0,short,random,1736467500,1736471100,0DTE,-152.9158516825424,-113.81536254177303,39.100489140769376,11.522641261773032,60.0,0,st_flip,43.47424317917982,216.2516367184623,93500.0,92273.5,-1,-1,2025-01-10,0,,0
A,4.0,short,random,1736306100,1736337600,0DTE,906.9462177583321,930.5982703347091,23.652052576377024,8.592307003290742,525.0,1,target_expiry,48.068455483481486,173.59414649331555,101683.0,101372.5,-1,-1,2025-01-08,1,,0
