cell,entry_ts_ist,dir,entry,sl,tp,exit,exit_reason,pts_gross,fee_pts,net,period,amb
TF=3m|ST=10x1.0|M2,2024-07-01 10:15:00,long,63315.0,63226.5,63492.0,63226.0,SL,-89.0,74.65919,-163.65919,2024H2,0
TF=3m|ST=10x1.0|M2,2024-07-01 17:51:00,long,62776.0,62712.5,62903.0,62903.0,TP,127.0,51.882948,75.117052,2024H2,0
TF=3m|ST=10x1.0|M2,2024-07-01 22:54:00,long,63281.0,63145.5,63552.0,63552.0,TP,271.0,52.334061999999996,218.665938,2024H2,0
TF=3m|ST=10x1.0|M2,2024-07-02 01:27:00,long,63229.0,63100.0,63487.0,63099.5,SL,-129.5,74.533815,-204.033815,2024H2,0
TF=3m|ST=10x1.0|M2,2024-07-02 06:48:00,short,62868.0,62966.5,62671.0,62967.0,SL,-99.0,74.24265,-173.24265,2024H2,0
TF=3m|ST=10x1.0|M2,2024-07-02 09:33:00,long,63202.5,63111.0,63385.5,63110.5,SL,-92.0,74.52466999999999,-166.52467,2024H2,0
TF=3m|ST=10x1.0|M2,2024-07-02 11:06:00,short,63033.0,63079.5,62940.0,62940.0,TP,93.0,52.04331,40.95669,2024H2,0
TF=3m|ST=10x1.0|M2,2024-07-02 13:33:00,short,62583.5,62686.5,62377.5,62687.0,SL,-103.5,73.909595,-177.409595,2024H2,0
TF=3m|ST=10x1.0|M2,2024-07-02 18:00:00,long,62840.5,62766.0,62989.5,62989.5,TP,149.0,51.941416999999994,97.058583,2024H2,0
TF=3m|ST=10x1.0|M2,2024-07-03 02:39:00,short,61939.0,62106.5,61604.0,62107.0,SL,-168.0,73.18714,-241.18714,2024H2,0
TF=3m|ST=10x1.0|M2,2024-07-03 04:00:00,long,62053.5,62047.5,62065.5,62065.5,TP,12.0,51.259023,-39.259023,2024H2,0
TF=3m|ST=10x1.0|M2,2024-07-03 04:51:00,short,62140.0,62175.5,62069.0,62176.0,SL,-36.0,73.34644,-109.34644,2024H2,0
TF=3m|ST=10x1.0|M2,2024-07-03 10:00:00,short,60879.5,60975.0,60688.5,60975.5,SL,-96.0,71.89445,-167.89445,2024H2,0
TF=3m|ST=10x1.0|M2,2024-07-03 14:33:00,long,60599.0,60511.0,60775.0,60510.5,SL,-88.5,71.454605,-159.95460500000002,2024H2,0
TF=3m|ST=10x1.0|M2,2024-07-03 22:18:00,long,60565.5,60432.0,60832.5,60431.5,SL,-134.0,71.38823,-205.38823,2024H2,0
TF=3m|ST=10x1.0|M2,2024-07-04 00:15:00,short,60333.5,60447.0,60106.5,60106.5,TP,227.0,49.781898999999996,177.218101,2024H2,0
TF=3m|ST=10x1.0|M2,2024-07-04 01:15:00,short,59906.0,59974.0,59770.0,59770.0,TP,136.0,49.45025999999999,86.54974000000001,2024H2,0
TF=3m|ST=10x1.0|M2,2024-07-04 01:45:00,long,59883.0,59750.0,60149.0,59749.5,SL,-133.5,70.58317500000001,-204.083175,2024H2,0
TF=3m|ST=10x1.0|M2,2024-07-04 04:51:00,long,60355.5,60330.5,60405.5,60330.0,SL,-25.5,71.20444499999999,-96.70444499999999,2024H2,0
TF=3m|ST=10x1.0|M3,2024-07-01 10:15:00,long,63315.0,63226.5,63580.5,63226.0,SL,-89.0,74.65919,-163.65919,2024H2,0
TF=3m|ST=10x1.0|M3,2024-07-01 17:51:00,long,62776.0,62712.5,62966.5,62966.5,TP,190.5,51.89793400000001,138.60206599999998,2024H2,0
TF=3m|ST=10x1.0|M3,2024-07-01 22:54:00,long,63281.0,63145.5,63687.5,63687.5,TP,406.5,52.36604,354.13396,2024H2,0
TF=3m|ST=10x1.0|M3,2024-07-02 01:27:00,long,63229.0,63100.0,63616.0,63099.5,SL,-129.5,74.533815,-204.033815,2024H2,0
TF=3m|ST=10x1.0|M3,2024-07-02 06:48:00,short,62868.0,62966.5,62572.5,62967.0,SL,-99.0,74.24265,-173.24265,2024H2,0
TF=3m|ST=10x1.0|M3,2024-07-02 09:33:00,long,63202.5,63111.0,63477.0,63110.5,SL,-92.0,74.52466999999999,-166.52467,2024H2,0
TF=3m|ST=10x1.0|M3,2024-07-02 11:06:00,short,63033.0,63079.5,62893.5,62893.5,TP,139.5,52.032336,87.467664,2024H2,0
TF=3m|ST=10x1.0|M3,2024-07-02 13:33:00,short,62583.5,62686.5,62274.5,62687.0,SL,-103.5,73.909595,-177.409595,2024H2,0
TF=3m|ST=10x1.0|M3,2024-07-02 18:00:00,long,62840.5,62766.0,63064.0,63064.0,TP,223.5,51.95899899999999,171.541001,2024H2,0
TF=3m|ST=10x1.0|M3,2024-07-03 02:39:00,short,61939.0,62106.5,61436.5,62107.0,SL,-168.0,73.18714,-241.18714,2024H2,0
TF=3m|ST=10x1.0|M3,2024-07-03 04:00:00,long,62053.5,62047.5,62071.5,62022.0,SL,-31.5,73.204545,-104.704545,2024H2,0
TF=3m|ST=10x1.0|M3,2024-07-03 04:51:00,short,62140.0,62175.5,62033.5,62176.0,SL,-36.0,73.34644,-109.34644,2024H2,0
TF=3m|ST=10x1.0|M3,2024-07-03 10:00:00,short,60879.5,60975.0,60593.0,60975.5,SL,-96.0,71.89445,-167.89445,2024H2,0
TF=3m|ST=10x1.0|M3,2024-07-03 14:33:00,long,60599.0,60511.0,60863.0,60510.5,SL,-88.5,71.454605,-159.95460500000002,2024H2,0
TF=3m|ST=10x1.0|M3,2024-07-03 22:18:00,long,60565.5,60432.0,60966.0,60431.5,SL,-134.0,71.38823,-205.38823,2024H2,0
TF=3m|ST=10x1.0|M3,2024-07-04 00:15:00,short,60333.5,60447.0,59993.0,59993.0,TP,340.5,49.755112999999994,290.744887,2024H2,0
TF=3m|ST=10x1.0|M3,2024-07-04 01:15:00,short,59906.0,59974.0,59702.0,59702.0,TP,204.0,49.434211999999995,154.565788,2024H2,0
TF=3m|ST=10x1.0|M3,2024-07-04 01:45:00,long,59883.0,59750.0,60282.0,59749.5,SL,-133.5,70.58317500000001,-204.083175,2024H2,0
TF=3m|ST=10x1.0|M3,2024-07-04 04:51:00,long,60355.5,60330.5,60430.5,60330.0,SL,-25.5,71.20444499999999,-96.70444499999999,2024H2,0
TF=3m|ST=10x1.0|M5,2024-07-01 10:15:00,long,63315.0,63226.5,63757.5,63226.0,SL,-89.0,74.65919,-163.65919,2024H2,0
TF=3m|ST=10x1.0|M5,2024-07-01 17:51:00,long,62776.0,62712.5,63093.5,62712.0,SL,-64.0,74.03792,-138.03791999999999,2024H2,0
TF=3m|ST=10x1.0|M5,2024-07-01 22:54:00,long,63281.0,63145.5,63958.5,63145.0,SL,-136.0,74.59134,-210.59134,2024H2,0
TF=3m|ST=10x1.0|M5,2024-07-02 01:27:00,long,63229.0,63100.0,63874.0,63099.5,SL,-129.5,74.533815,-204.033815,2024H2,0
TF=3m|ST=10x1.0|M5,2024-07-02 06:48:00,short,62868.0,62966.5,62375.5,62967.0,SL,-99.0,74.24265,-173.24265,2024H2,0
TF=3m|ST=10x1.0|M5,2024-07-02 09:33:00,long,63202.5,63111.0,63660.0,63110.5,SL,-92.0,74.52466999999999,-166.52467,2024H2,0
TF=3m|ST=10x1.0|M5,2024-07-02 11:06:00,short,63033.0,63079.5,62800.5,62800.5,TP,232.5,52.010388,180.489612,2024H2,0
TF=3m|ST=10x1.0|M5,2024-07-02 13:33:00,short,62583.5,62686.5,62068.5,62687.0,SL,-103.5,73.909595,-177.409595,2024H2,0
TF=3m|ST=10x1.0|M5,2024-07-02 18:00:00,long,62840.5,62766.0,63213.0,62765.5,SL,-75.0,74.10754,-149.10754,2024H2,0
TF=3m|ST=10x1.0|M5,2024-07-03 02:39:00,short,61939.0,62106.5,61101.5,62107.0,SL,-168.0,73.18714,-241.18714,2024H2,0
TF=3m|ST=10x1.0|M5,2024-07-03 04:00:00,long,62053.5,62047.5,62083.5,62022.0,SL,-31.5,73.204545,-104.704545,2024H2,0
TF=3m|ST=10x1.0|M5,2024-07-03 04:51:00,short,62140.0,62175.5,61962.5,62176.0,SL,-36.0,73.34644,-109.34644,2024H2,0
TF=3m|ST=10x1.0|M5,2024-07-03 10:00:00,short,60879.5,60975.0,60402.0,60975.5,SL,-96.0,71.89445,-167.89445,2024H2,0
TF=3m|ST=10x1.0|M5,2024-07-03 14:33:00,long,60599.0,60511.0,61039.0,60510.5,SL,-88.5,71.454605,-159.95460500000002,2024H2,0
TF=3m|ST=10x1.0|M5,2024-07-03 22:18:00,long,60565.5,60432.0,61233.0,60431.5,SL,-134.0,71.38823,-205.38823,2024H2,0
TF=3m|ST=10x1.0|M5,2024-07-04 00:15:00,short,60333.5,60447.0,59766.0,59766.0,TP,567.5,49.701541,517.798459,2024H2,0
TF=3m|ST=10x1.0|M5,2024-07-04 01:45:00,long,59883.0,59750.0,60548.0,59749.5,SL,-133.5,70.58317500000001,-204.083175,2024H2,0
TF=3m|ST=10x1.0|M5,2024-07-04 04:51:00,long,60355.5,60330.5,60480.5,60330.0,SL,-25.5,71.20444499999999,-96.70444499999999,2024H2,0
TF=3m|ST=10x1.0|STFLIP,2024-07-01 10:15:00,long,63315.0,63226.5,0.0,63374.5,STFLIP,59.5,74.746805,-15.246804999999995,2024H2,0
TF=3m|ST=10x1.0|STFLIP,2024-07-01 17:51:00,long,62776.0,62712.5,0.0,62840.5,STFLIP,64.5,74.11373499999999,-9.613734999999991,2024H2,0
TF=3m|ST=10x1.0|STFLIP,2024-07-01 22:54:00,long,63281.0,63145.5,0.0,63604.5,STFLIP,323.5,74.862445,248.63755500000002,2024H2,0
TF=3m|ST=10x1.0|STFLIP,2024-07-02 01:27:00,long,63229.0,63100.0,0.0,63310.5,STFLIP,81.5,74.658305,6.841695000000001,2024H2,0
TF=3m|ST=10x1.0|STFLIP,2024-07-02 06:48:00,short,62868.0,62966.5,0.0,62932.0,STFLIP,-64.0,74.22200000000001,-138.222,2024H2,0
TF=3m|ST=10x1.0|STFLIP,2024-07-02 09:33:00,long,63202.5,63111.0,0.0,63157.5,STFLIP,-45.0,74.55239999999999,-119.55239999999999,2024H2,0
TF=3m|ST=10x1.0|STFLIP,2024-07-02 11:06:00,short,63033.0,63079.5,0.0,63055.0,STFLIP,-22.0,74.39192,-96.39192,2024H2,0
TF=3m|ST=10x1.0|STFLIP,2024-07-02 13:33:00,short,62583.5,62686.5,0.0,62621.0,STFLIP,-37.5,73.870655,-111.370655,2024H2,0
TF=3m|ST=10x1.0|STFLIP,2024-07-02 18:00:00,long,62840.5,62766.0,0.0,62910.5,STFLIP,70.0,74.19308999999998,-4.193089999999984,2024H2,0
TF=3m|ST=10x1.0|STFLIP,2024-07-03 02:39:00,short,61939.0,62106.5,0.0,62009.5,STFLIP,-70.5,73.129615,-143.629615,2024H2,0
TF=3m|ST=10x1.0|STFLIP,2024-07-03 04:00:00,long,62053.5,62047.5,0.0,62022.0,SL,-31.5,73.204545,-104.704545,2024H2,1
TF=3m|ST=10x1.0|STFLIP,2024-07-03 04:51:00,short,62140.0,62175.5,0.0,62143.5,STFLIP,-3.5,73.327265,-76.827265,2024H2,0
TF=3m|ST=10x1.0|STFLIP,2024-07-03 10:00:00,short,60879.5,60975.0,0.0,60914.0,STFLIP,-34.5,71.85816499999999,-106.35816499999999,2024H2,0
TF=3m|ST=10x1.0|STFLIP,2024-07-03 14:33:00,long,60599.0,60511.0,0.0,60602.5,STFLIP,3.5,71.50888499999999,-68.00888499999999,2024H2,0
TF=3m|ST=10x1.0|STFLIP,2024-07-03 22:18:00,long,60565.5,60432.0,0.0,60431.5,SL,-134.0,71.38823,-205.38823,2024H2,0
TF=3m|ST=10x1.0|STFLIP,2024-07-04 00:15:00,short,60333.5,60447.0,0.0,60219.0,STFLIP,114.5,71.125975,43.374025,2024H2,0
TF=3m|ST=10x1.0|STFLIP,2024-07-04 01:15:00,short,59906.0,59974.0,0.0,59883.0,STFLIP,23.0,70.67551,-47.67551,2024H2,0
TF=3m|ST=10x1.0|STFLIP,2024-07-04 04:51:00,long,60355.5,60330.5,0.0,60330.0,SL,-25.5,71.20444499999999,-96.70444499999999,2024H2,1
TF=3m|ST=10x2.0|M2,2024-07-02 01:33:00,long,63333.0,63203.5,63592.0,63203.0,SL,-130.0,74.65624,-204.65624,2024H2,0
TF=3m|ST=10x2.0|M2,2024-07-03 02:39:00,short,61939.0,62106.5,61604.0,62107.0,SL,-168.0,73.18714,-241.18714,2024H2,0
TF=3m|ST=10x2.0|M2,2024-07-03 05:36:00,long,62202.0,62160.5,62285.0,62285.0,TP,83.0,51.39844,31.60156,2024H2,0
TF=3m|ST=10x2.0|M2,2024-07-03 18:00:00,short,60149.0,60280.0,59887.0,59887.0,TP,262.0,49.621242,212.378758,2024H2,0
TF=3m|ST=10x2.0|M3,2024-07-02 01:33:00,long,63333.0,63203.5,63721.5,63203.0,SL,-130.0,74.65624,-204.65624,2024H2,0
TF=3m|ST=10x2.0|M3,2024-07-03 02:39:00,short,61939.0,62106.5,61436.5,62107.0,SL,-168.0,73.18714,-241.18714,2024H2,0
TF=3m|ST=10x2.0|M3,2024-07-03 05:36:00,long,62202.0,62160.5,62326.5,62160.0,SL,-42.0,73.37358,-115.37358,2024H2,0
TF=3m|ST=10x2.0|M3,2024-07-03 18:00:00,short,60149.0,60280.0,59756.0,60280.5,SL,-131.5,71.053405,-202.553405,2024H2,0
TF=3m|ST=10x2.0|M5,2024-07-02 01:33:00,long,63333.0,63203.5,63980.5,63203.0,SL,-130.0,74.65624,-204.65624,2024H2,0
TF=3m|ST=10x2.0|M5,2024-07-03 02:39:00,short,61939.0,62106.5,61101.5,62107.0,SL,-168.0,73.18714,-241.18714,2024H2,0
TF=3m|ST=10x2.0|M5,2024-07-03 05:36:00,long,62202.0,62160.5,62409.5,62160.0,SL,-42.0,73.37358,-115.37358,2024H2,0
TF=3m|ST=10x2.0|M5,2024-07-03 18:00:00,short,60149.0,60280.0,59494.0,60280.5,SL,-131.5,71.053405,-202.553405,2024H2,0
TF=3m|ST=10x2.0|STFLIP,2024-07-02 01:33:00,long,63333.0,63203.5,0.0,63227.0,STFLIP,-106.0,74.6704,-180.6704,2024H2,0
TF=3m|ST=10x2.0|STFLIP,2024-07-03 02:39:00,short,61939.0,62106.5,0.0,62054.5,STFLIP,-115.5,73.156165,-188.656165,2024H2,0
TF=3m|ST=10x2.0|STFLIP,2024-07-03 05:36:00,long,62202.0,62160.5,0.0,62209.5,STFLIP,7.5,73.402785,-65.902785,2024H2,0
TF=3m|ST=10x2.0|STFLIP,2024-07-03 18:00:00,short,60149.0,60280.0,0.0,60183.0,STFLIP,-34.0,70.99588,-104.99588,2024H2,0
TF=3m|ST=10x3.0|M2,2024-07-01 05:36:00,short,62724.0,62795.0,62582.0,62795.5,SL,-71.5,74.056505,-145.55650500000002,2024H2,0
TF=3m|ST=10x3.0|M2,2024-07-03 16:15:00,long,60286.0,60203.0,60452.0,60452.0,TP,166.0,49.835412,116.16458800000001,2024H2,0
TF=3m|ST=10x3.0|M3,2024-07-01 05:36:00,short,62724.0,62795.0,62511.0,62795.5,SL,-71.5,74.056505,-145.55650500000002,2024H2,0
TF=3m|ST=10x3.0|M3,2024-07-03 16:15:00,long,60286.0,60203.0,60535.0,60202.5,SL,-83.5,71.08821499999999,-154.588215,2024H2,0
TF=3m|ST=10x3.0|M5,2024-07-01 05:36:00,short,62724.0,62795.0,62369.0,62795.5,SL,-71.5,74.056505,-145.55650500000002,2024H2,0
TF=3m|ST=10x3.0|M5,2024-07-03 16:15:00,long,60286.0,60203.0,60701.0,60202.5,SL,-83.5,71.08821499999999,-154.588215,2024H2,0
TF=3m|ST=10x3.0|STFLIP,2024-07-01 05:36:00,short,62724.0,62795.0,0.0,62795.5,SL,-71.5,74.056505,-145.55650500000002,2024H2,1
TF=3m|ST=10x3.0|STFLIP,2024-07-03 16:15:00,long,60286.0,60203.0,0.0,60202.5,SL,-83.5,71.08821499999999,-154.588215,2024H2,0
TF=3m|ST=20x1.0|M2,2024-07-01 10:15:00,long,63315.0,63226.5,63492.0,63226.0,SL,-89.0,74.65919,-163.65919,2024H2,0
TF=3m|ST=20x1.0|M2,2024-07-01 17:51:00,long,62776.0,62712.5,62903.0,62903.0,TP,127.0,51.882948,75.117052,2024H2,0
TF=3m|ST=20x1.0|M2,2024-07-01 22:54:00,long,63281.0,63145.5,63552.0,63552.0,TP,271.0,52.334061999999996,218.665938,2024H2,0
TF=3m|ST=20x1.0|M2,2024-07-02 01:27:00,long,63229.0,63100.0,63487.0,63099.5,SL,-129.5,74.533815,-204.033815,2024H2,0
TF=3m|ST=20x1.0|M2,2024-07-02 06:48:00,short,62868.0,62966.5,62671.0,62967.0,SL,-99.0,74.24265,-173.24265,2024H2,0
TF=3m|ST=20x1.0|M2,2024-07-02 09:33:00,long,63202.5,63111.0,63385.5,63110.5,SL,-92.0,74.52466999999999,-166.52467,2024H2,0
TF=3m|ST=20x1.0|M2,2024-07-02 11:06:00,short,63033.0,63079.5,62940.0,62940.0,TP,93.0,52.04331,40.95669,2024H2,0
TF=3m|ST=20x1.0|M2,2024-07-02 13:33:00,short,62583.5,62686.5,62377.5,62687.0,SL,-103.5,73.909595,-177.409595,2024H2,0
TF=3m|ST=20x1.0|M2,2024-07-02 18:00:00,long,62840.5,62766.0,62989.5,62989.5,TP,149.0,51.941416999999994,97.058583,2024H2,0
TF=3m|ST=20x1.0|M2,2024-07-03 02:39:00,short,61939.0,62106.5,61604.0,62107.0,SL,-168.0,73.18714,-241.18714,2024H2,0
TF=3m|ST=20x1.0|M2,2024-07-03 04:51:00,short,62140.0,62175.5,62069.0,62176.0,SL,-36.0,73.34644,-109.34644,2024H2,0
TF=3m|ST=20x1.0|M2,2024-07-03 10:00:00,short,60879.5,60975.0,60688.5,60975.5,SL,-96.0,71.89445,-167.89445,2024H2,0
TF=3m|ST=20x1.0|M2,2024-07-03 14:33:00,long,60599.0,60511.0,60775.0,60510.5,SL,-88.5,71.454605,-159.95460500000002,2024H2,0
TF=3m|ST=20x1.0|M2,2024-07-03 22:18:00,long,60565.5,60432.0,60832.5,60431.5,SL,-134.0,71.38823,-205.38823,2024H2,0
TF=3m|ST=20x1.0|M2,2024-07-04 00:15:00,short,60333.5,60447.0,60106.5,60106.5,TP,227.0,49.781898999999996,177.218101,2024H2,0
TF=3m|ST=20x1.0|M2,2024-07-04 01:36:00,long,59827.0,59737.0,60007.0,59736.5,SL,-90.5,70.54246499999999,-161.042465,2024H2,0
TF=3m|ST=20x1.0|M3,2024-07-01 10:15:00,long,63315.0,63226.5,63580.5,63226.0,SL,-89.0,74.65919,-163.65919,2024H2,0
TF=3m|ST=20x1.0|M3,2024-07-01 17:51:00,long,62776.0,62712.5,62966.5,62966.5,TP,190.5,51.89793400000001,138.60206599999998,2024H2,0
TF=3m|ST=20x1.0|M3,2024-07-01 22:54:00,long,63281.0,63145.5,63687.5,63687.5,TP,406.5,52.36604,354.13396,2024H2,0
TF=3m|ST=20x1.0|M3,2024-07-02 01:27:00,long,63229.0,63100.0,63616.0,63099.5,SL,-129.5,74.533815,-204.033815,2024H2,0
TF=3m|ST=20x1.0|M3,2024-07-02 06:48:00,short,62868.0,62966.5,62572.5,62967.0,SL,-99.0,74.24265,-173.24265,2024H2,0
TF=3m|ST=20x1.0|M3,2024-07-02 09:33:00,long,63202.5,63111.0,63477.0,63110.5,SL,-92.0,74.52466999999999,-166.52467,2024H2,0
TF=3m|ST=20x1.0|M3,2024-07-02 11:06:00,short,63033.0,63079.5,62893.5,62893.5,TP,139.5,52.032336,87.467664,2024H2,0
TF=3m|ST=20x1.0|M3,2024-07-02 13:33:00,short,62583.5,62686.5,62274.5,62687.0,SL,-103.5,73.909595,-177.409595,2024H2,0
TF=3m|ST=20x1.0|M3,2024-07-02 18:00:00,long,62840.5,62766.0,63064.0,63064.0,TP,223.5,51.95899899999999,171.541001,2024H2,0
TF=3m|ST=20x1.0|M3,2024-07-03 02:39:00,short,61939.0,62106.5,61436.5,62107.0,SL,-168.0,73.18714,-241.18714,2024H2,0
TF=3m|ST=20x1.0|M3,2024-07-03 04:51:00,short,62140.0,62175.5,62033.5,62176.0,SL,-36.0,73.34644,-109.34644,2024H2,0
TF=3m|ST=20x1.0|M3,2024-07-03 10:00:00,short,60879.5,60975.0,60593.0,60975.5,SL,-96.0,71.89445,-167.89445,2024H2,0
TF=3m|ST=20x1.0|M3,2024-07-03 14:33:00,long,60599.0,60511.0,60863.0,60510.5,SL,-88.5,71.454605,-159.95460500000002,2024H2,0
TF=3m|ST=20x1.0|M3,2024-07-03 22:18:00,long,60565.5,60432.0,60966.0,60431.5,SL,-134.0,71.38823,-205.38823,2024H2,0
TF=3m|ST=20x1.0|M3,2024-07-04 00:15:00,short,60333.5,60447.0,59993.0,59993.0,TP,340.5,49.755112999999994,290.744887,2024H2,0
TF=3m|ST=20x1.0|M3,2024-07-04 01:36:00,long,59827.0,59737.0,60097.0,59736.5,SL,-90.5,70.54246499999999,-161.042465,2024H2,0
TF=3m|ST=20x1.0|M5,2024-07-01 10:15:00,long,63315.0,63226.5,63757.5,63226.0,SL,-89.0,74.65919,-163.65919,2024H2,0
TF=3m|ST=20x1.0|M5,2024-07-01 17:51:00,long,62776.0,62712.5,63093.5,62712.0,SL,-64.0,74.03792,-138.03791999999999,2024H2,0
TF=3m|ST=20x1.0|M5,2024-07-01 22:54:00,long,63281.0,63145.5,63958.5,63145.0,SL,-136.0,74.59134,-210.59134,2024H2,0
TF=3m|ST=20x1.0|M5,2024-07-02 01:27:00,long,63229.0,63100.0,63874.0,63099.5,SL,-129.5,74.533815,-204.033815,2024H2,0
TF=3m|ST=20x1.0|M5,2024-07-02 06:48:00,short,62868.0,62966.5,62375.5,62967.0,SL,-99.0,74.24265,-173.24265,2024H2,0
TF=3m|ST=20x1.0|M5,2024-07-02 09:33:00,long,63202.5,63111.0,63660.0,63110.5,SL,-92.0,74.52466999999999,-166.52467,2024H2,0
TF=3m|ST=20x1.0|M5,2024-07-02 11:06:00,short,63033.0,63079.5,62800.5,62800.5,TP,232.5,52.010388,180.489612,2024H2,0
TF=3m|ST=20x1.0|M5,2024-07-02 13:33:00,short,62583.5,62686.5,62068.5,62687.0,SL,-103.5,73.909595,-177.409595,2024H2,0
TF=3m|ST=20x1.0|M5,2024-07-02 18:00:00,long,62840.5,62766.0,63213.0,62765.5,SL,-75.0,74.10754,-149.10754,2024H2,0
TF=3m|ST=20x1.0|M5,2024-07-03 02:39:00,short,61939.0,62106.5,61101.5,62107.0,SL,-168.0,73.18714,-241.18714,2024H2,0
TF=3m|ST=20x1.0|M5,2024-07-03 04:51:00,short,62140.0,62175.5,61962.5,62176.0,SL,-36.0,73.34644,-109.34644,2024H2,0
TF=3m|ST=20x1.0|M5,2024-07-03 10:00:00,short,60879.5,60975.0,60402.0,60975.5,SL,-96.0,71.89445,-167.89445,2024H2,0
TF=3m|ST=20x1.0|M5,2024-07-03 14:33:00,long,60599.0,60511.0,61039.0,60510.5,SL,-88.5,71.454605,-159.95460500000002,2024H2,0
TF=3m|ST=20x1.0|M5,2024-07-03 22:18:00,long,60565.5,60432.0,61233.0,60431.5,SL,-134.0,71.38823,-205.38823,2024H2,0
TF=3m|ST=20x1.0|M5,2024-07-04 00:15:00,short,60333.5,60447.0,59766.0,59766.0,TP,567.5,49.701541,517.798459,2024H2,0
TF=3m|ST=20x1.0|M5,2024-07-04 01:36:00,long,59827.0,59737.0,60277.0,59736.5,SL,-90.5,70.54246499999999,-161.042465,2024H2,0
TF=3m|ST=20x1.0|STFLIP,2024-07-01 10:15:00,long,63315.0,63226.5,0.0,63374.5,STFLIP,59.5,74.746805,-15.246804999999995,2024H2,0
TF=3m|ST=20x1.0|STFLIP,2024-07-01 17:51:00,long,62776.0,62712.5,0.0,62840.5,STFLIP,64.5,74.11373499999999,-9.613734999999991,2024H2,0
TF=3m|ST=20x1.0|STFLIP,2024-07-01 22:54:00,long,63281.0,63145.5,0.0,63604.5,STFLIP,323.5,74.862445,248.63755500000002,2024H2,0
TF=3m|ST=20x1.0|STFLIP,2024-07-02 01:27:00,long,63229.0,63100.0,0.0,63296.0,STFLIP,67.0,74.64975,-7.649749999999997,2024H2,0
TF=3m|ST=20x1.0|STFLIP,2024-07-02 06:48:00,short,62868.0,62966.5,0.0,62932.0,STFLIP,-64.0,74.22200000000001,-138.222,2024H2,0
TF=3m|ST=20x1.0|STFLIP,2024-07-02 09:33:00,long,63202.5,63111.0,0.0,63157.5,STFLIP,-45.0,74.55239999999999,-119.55239999999999,2024H2,0
TF=3m|ST=20x1.0|STFLIP,2024-07-02 11:06:00,short,63033.0,63079.5,0.0,62974.5,STFLIP,58.5,74.344425,-15.844425000000001,2024H2,0
TF=3m|ST=20x1.0|STFLIP,2024-07-02 13:33:00,short,62583.5,62686.5,0.0,62621.0,STFLIP,-37.5,73.870655,-111.370655,2024H2,0
TF=3m|ST=20x1.0|STFLIP,2024-07-02 18:00:00,long,62840.5,62766.0,0.0,62910.5,STFLIP,70.0,74.19308999999998,-4.193089999999984,2024H2,0
TF=3m|ST=20x1.0|STFLIP,2024-07-03 02:39:00,short,61939.0,62106.5,0.0,62009.5,STFLIP,-70.5,73.129615,-143.629615,2024H2,0
TF=3m|ST=20x1.0|STFLIP,2024-07-03 04:51:00,short,62140.0,62175.5,0.0,62143.5,STFLIP,-3.5,73.327265,-76.827265,2024H2,0
TF=3m|ST=20x1.0|STFLIP,2024-07-03 10:00:00,short,60879.5,60975.0,0.0,60957.0,STFLIP,-77.5,71.883535,-149.383535,2024H2,0
TF=3m|ST=20x1.0|STFLIP,2024-07-03 14:33:00,long,60599.0,60511.0,0.0,60533.5,STFLIP,-65.5,71.468175,-136.968175,2024H2,0
TF=3m|ST=20x1.0|STFLIP,2024-07-03 22:18:00,long,60565.5,60432.0,0.0,60431.5,SL,-134.0,71.38823,-205.38823,2024H2,0
TF=3m|ST=20x1.0|STFLIP,2024-07-04 00:15:00,short,60333.5,60447.0,0.0,60219.0,STFLIP,114.5,71.125975,43.374025,2024H2,0
TF=3m|ST=20x1.0|STFLIP,2024-07-04 01:36:00,long,59827.0,59737.0,0.0,59736.5,SL,-90.5,70.54246499999999,-161.042465,2024H2,0
TF=3m|ST=20x2.0|M2,2024-07-02 01:33:00,long,63333.0,63203.5,63592.0,63203.0,SL,-130.0,74.65624,-204.65624,2024H2,0
TF=3m|ST=20x2.0|M2,2024-07-03 02:39:00,short,61939.0,62106.5,61604.0,62107.0,SL,-168.0,73.18714,-241.18714,2024H2,0
TF=3m|ST=20x2.0|M2,2024-07-03 05:36:00,long,62202.0,62160.5,62285.0,62285.0,TP,83.0,51.39844,31.60156,2024H2,0
TF=3m|ST=20x2.0|M2,2024-07-03 18:00:00,short,60149.0,60280.0,59887.0,59887.0,TP,262.0,49.621242,212.378758,2024H2,0
TF=3m|ST=20x2.0|M2,2024-07-03 23:57:00,long,60415.5,60387.5,60471.5,60387.0,SL,-28.5,71.27347499999999,-99.77347499999999,2024H2,0
TF=3m|ST=20x2.0|M3,2024-07-02 01:33:00,long,63333.0,63203.5,63721.5,63203.0,SL,-130.0,74.65624,-204.65624,2024H2,0
TF=3m|ST=20x2.0|M3,2024-07-03 02:39:00,short,61939.0,62106.5,61436.5,62107.0,SL,-168.0,73.18714,-241.18714,2024H2,0
TF=3m|ST=20x2.0|M3,2024-07-03 05:36:00,long,62202.0,62160.5,62326.5,62160.0,SL,-42.0,73.37358,-115.37358,2024H2,0
TF=3m|ST=20x2.0|M3,2024-07-03 18:00:00,short,60149.0,60280.0,59756.0,60280.5,SL,-131.5,71.053405,-202.553405,2024H2,0
TF=3m|ST=20x2.0|M3,2024-07-03 23:57:00,long,60415.5,60387.5,60499.5,60387.0,SL,-28.5,71.27347499999999,-99.77347499999999,2024H2,0
TF=3m|ST=20x2.0|M5,2024-07-02 01:33:00,long,63333.0,63203.5,63980.5,63203.0,SL,-130.0,74.65624,-204.65624,2024H2,0
TF=3m|ST=20x2.0|M5,2024-07-03 02:39:00,short,61939.0,62106.5,61101.5,62107.0,SL,-168.0,73.18714,-241.18714,2024H2,0
TF=3m|ST=20x2.0|M5,2024-07-03 05:36:00,long,62202.0,62160.5,62409.5,62160.0,SL,-42.0,73.37358,-115.37358,2024H2,0
TF=3m|ST=20x2.0|M5,2024-07-03 18:00:00,short,60149.0,60280.0,59494.0,60280.5,SL,-131.5,71.053405,-202.553405,2024H2,0
TF=3m|ST=20x2.0|M5,2024-07-03 23:57:00,long,60415.5,60387.5,60555.5,60387.0,SL,-28.5,71.27347499999999,-99.77347499999999,2024H2,0
TF=3m|ST=20x2.0|STFLIP,2024-07-02 01:33:00,long,63333.0,63203.5,0.0,63203.0,SL,-130.0,74.65624,-204.65624,2024H2,1
TF=3m|ST=20x2.0|STFLIP,2024-07-03 02:39:00,short,61939.0,62106.5,0.0,62054.5,STFLIP,-115.5,73.156165,-188.656165,2024H2,0
TF=3m|ST=20x2.0|STFLIP,2024-07-03 05:36:00,long,62202.0,62160.5,0.0,62209.5,STFLIP,7.5,73.402785,-65.902785,2024H2,0
TF=3m|ST=20x2.0|STFLIP,2024-07-03 18:00:00,short,60149.0,60280.0,0.0,60183.0,STFLIP,-34.0,70.99588,-104.99588,2024H2,0
TF=3m|ST=20x2.0|STFLIP,2024-07-03 23:57:00,long,60415.5,60387.5,0.0,60387.0,SL,-28.5,71.27347499999999,-99.77347499999999,2024H2,0
TF=3m|ST=20x3.0|M2,2024-07-01 05:36:00,short,62724.0,62795.0,62582.0,62795.5,SL,-71.5,74.056505,-145.55650500000002,2024H2,0
TF=3m|ST=20x3.0|M3,2024-07-01 05:36:00,short,62724.0,62795.0,62511.0,62795.5,SL,-71.5,74.056505,-145.55650500000002,2024H2,0
TF=3m|ST=20x3.0|M5,2024-07-01 05:36:00,short,62724.0,62795.0,62369.0,62795.5,SL,-71.5,74.056505,-145.55650500000002,2024H2,0
TF=3m|ST=20x3.0|STFLIP,2024-07-01 05:36:00,short,62724.0,62795.0,0.0,62795.5,SL,-71.5,74.056505,-145.55650500000002,2024H2,1
TF=5m|ST=10x1.0|M2,2024-07-01 15:00:00,long,62946.5,62845.5,63148.5,62845.0,SL,-101.5,74.216985,-175.716985,2024H2,0
TF=5m|ST=10x1.0|M2,2024-07-02 03:25:00,long,63136.0,63078.5,63251.0,63078.0,SL,-58.0,74.46626,-132.46626,2024H2,0
TF=5m|ST=10x1.0|M2,2024-07-02 05:35:00,short,62860.5,62948.5,62684.5,62949.0,SL,-88.5,74.227605,-162.72760499999998,2024H2,0
TF=5m|ST=10x1.0|M2,2024-07-02 09:40:00,long,63211.0,63168.5,63296.0,63168.0,SL,-43.0,74.56361,-117.56361,2024H2,0
TF=5m|ST=10x1.0|M2,2024-07-02 11:55:00,short,62896.5,62987.0,62715.5,62715.5,TP,181.0,51.909793,129.090207,2024H2,0
TF=5m|ST=10x1.0|M2,2024-07-02 15:20:00,short,62664.0,62700.0,62592.0,62700.5,SL,-36.5,73.96505499999999,-110.46505499999999,2024H2,0
TF=5m|ST=10x1.0|M2,2024-07-03 04:05:00,short,62011.0,62066.0,61901.0,62066.5,SL,-55.5,73.205725,-128.705725,2024H2,0
TF=5m|ST=10x1.0|M2,2024-07-03 05:00:00,short,62088.5,62143.5,61978.5,62156.0,SL,-67.5,73.304255,-140.804255,2024H2,0
TF=5m|ST=10x1.0|M2,2024-07-03 16:55:00,short,60225.5,60405.0,59866.5,60405.5,SL,-180.0,71.17229,-251.17229,2024H2,0
TF=5m|ST=10x1.0|M2,2024-07-04 00:15:00,short,60311.0,60447.0,60039.0,60039.0,TP,272.0,49.752694,222.247306,2024H2,0
TF=5m|ST=10x1.0|M2,2024-07-04 02:35:00,long,59809.0,59516.0,60395.0,60395.0,TP,586.0,49.54053,536.45947,2024H2,0
TF=5m|ST=10x1.0|M3,2024-07-01 15:00:00,long,62946.5,62845.5,63249.5,62845.0,SL,-101.5,74.216985,-175.716985,2024H2,0
TF=5m|ST=10x1.0|M3,2024-07-02 03:25:00,long,63136.0,63078.5,63308.5,63078.0,SL,-58.0,74.46626,-132.46626,2024H2,0
TF=5m|ST=10x1.0|M3,2024-07-02 05:35:00,short,62860.5,62948.5,62596.5,62949.0,SL,-88.5,74.227605,-162.72760499999998,2024H2,0
TF=5m|ST=10x1.0|M3,2024-07-02 09:40:00,long,63211.0,63168.5,63338.5,63168.0,SL,-43.0,74.56361,-117.56361,2024H2,0
TF=5m|ST=10x1.0|M3,2024-07-02 11:55:00,short,62896.5,62987.0,62625.0,62625.0,TP,271.5,51.888435,219.61156499999998,2024H2,0
TF=5m|ST=10x1.0|M3,2024-07-02 15:20:00,short,62664.0,62700.0,62556.0,62700.5,SL,-36.5,73.96505499999999,-110.46505499999999,2024H2,0
TF=5m|ST=10x1.0|M3,2024-07-03 04:05:00,short,62011.0,62066.0,61846.0,62066.5,SL,-55.5,73.205725,-128.705725,2024H2,0
TF=5m|ST=10x1.0|M3,2024-07-03 05:00:00,short,62088.5,62143.5,61923.5,62156.0,SL,-67.5,73.304255,-140.804255,2024H2,0
TF=5m|ST=10x1.0|M3,2024-07-03 16:55:00,short,60225.5,60405.0,59687.0,60405.5,SL,-180.0,71.17229,-251.17229,2024H2,0
TF=5m|ST=10x1.0|M3,2024-07-04 00:15:00,short,60311.0,60447.0,59903.0,59903.0,TP,408.0,49.720597999999995,358.279402,2024H2,0
TF=5m|ST=10x1.0|M3,2024-07-04 02:35:00,long,59809.0,59516.0,60688.0,59515.5,SL,-293.5,70.401455,-363.901455,2024H2,0
TF=5m|ST=10x1.0|M5,2024-07-01 15:00:00,long,62946.5,62845.5,63451.5,62845.0,SL,-101.5,74.216985,-175.716985,2024H2,0
TF=5m|ST=10x1.0|M5,2024-07-02 03:25:00,long,63136.0,63078.5,63423.5,63078.0,SL,-58.0,74.46626,-132.46626,2024H2,0
TF=5m|ST=10x1.0|M5,2024-07-02 05:35:00,short,62860.5,62948.5,62420.5,62949.0,SL,-88.5,74.227605,-162.72760499999998,2024H2,0
TF=5m|ST=10x1.0|M5,2024-07-02 09:40:00,long,63211.0,63168.5,63423.5,63168.0,SL,-43.0,74.56361,-117.56361,2024H2,0
TF=5m|ST=10x1.0|M5,2024-07-02 11:55:00,short,62896.5,62987.0,62444.0,62444.0,TP,452.5,51.845719,400.65428099999997,2024H2,0
TF=5m|ST=10x1.0|M5,2024-07-02 15:20:00,short,62664.0,62700.0,62484.0,62700.5,SL,-36.5,73.96505499999999,-110.46505499999999,2024H2,0
TF=5m|ST=10x1.0|M5,2024-07-03 04:05:00,short,62011.0,62066.0,61736.0,62066.5,SL,-55.5,73.205725,-128.705725,2024H2,0
TF=5m|ST=10x1.0|M5,2024-07-03 05:00:00,short,62088.5,62143.5,61813.5,62156.0,SL,-67.5,73.304255,-140.804255,2024H2,0
TF=5m|ST=10x1.0|M5,2024-07-03 16:55:00,short,60225.5,60405.0,59328.0,60405.5,SL,-180.0,71.17229,-251.17229,2024H2,0
TF=5m|ST=10x1.0|M5,2024-07-04 00:15:00,short,60311.0,60447.0,59631.0,59631.0,TP,680.0,49.656406,630.343594,2024H2,0
TF=5m|ST=10x1.0|M5,2024-07-04 02:35:00,long,59809.0,59516.0,61274.0,59515.5,SL,-293.5,70.401455,-363.901455,2024H2,0
TF=5m|ST=10x1.0|STFLIP,2024-07-01 15:00:00,long,62946.5,62845.5,0.0,62854.0,STFLIP,-92.5,74.222295,-166.722295,2024H2,0
TF=5m|ST=10x1.0|STFLIP,2024-07-02 03:25:00,long,63136.0,63078.5,0.0,63078.0,SL,-58.0,74.46626,-132.46626,2024H2,1
TF=5m|ST=10x1.0|STFLIP,2024-07-02 05:35:00,short,62860.5,62948.5,0.0,62949.0,SL,-88.5,74.227605,-162.72760499999998,2024H2,1
TF=5m|ST=10x1.0|STFLIP,2024-07-02 09:40:00,long,63211.0,63168.5,0.0,63168.0,SL,-43.0,74.56361,-117.56361,2024H2,1
TF=5m|ST=10x1.0|STFLIP,2024-07-02 11:55:00,short,62896.5,62987.0,0.0,62919.0,STFLIP,-22.5,74.231145,-96.731145,2024H2,0
TF=5m|ST=10x1.0|STFLIP,2024-07-02 15:20:00,short,62664.0,62700.0,0.0,62700.5,SL,-36.5,73.96505499999999,-110.46505499999999,2024H2,0
TF=5m|ST=10x1.0|STFLIP,2024-07-03 04:05:00,short,62011.0,62066.0,0.0,62066.5,SL,-55.5,73.205725,-128.705725,2024H2,1
TF=5m|ST=10x1.0|STFLIP,2024-07-03 05:00:00,short,62088.5,62143.5,0.0,62156.0,SL,-67.5,73.304255,-140.804255,2024H2,0
TF=5m|ST=10x1.0|STFLIP,2024-07-03 16:55:00,short,60225.5,60405.0,0.0,60366.5,STFLIP,-141.0,71.14928,-212.14928,2024H2,0
TF=5m|ST=10x1.0|STFLIP,2024-07-04 00:15:00,short,60311.0,60447.0,0.0,59809.0,STFLIP,502.0,70.8708,431.12919999999997,2024H2,0
TF=5m|ST=10x1.0|STFLIP,2024-07-04 05:00:00,short,60280.0,60380.5,0.0,60381.0,SL,-101.0,71.18999,-172.18999,2024H2,1
TF=5m|ST=10x2.0|M2,2024-07-01 08:00:00,short,63444.5,63580.5,63172.5,63172.5,TP,272.0,52.340965,219.65903500000002,2024H2,0
TF=5m|ST=10x2.0|M2,2024-07-03 20:30:00,short,60075.5,60304.5,59617.5,60305.0,SL,-229.5,71.024495,-300.524495,2024H2,0
TF=5m|ST=10x2.0|M2,2024-07-04 02:35:00,long,59809.0,59516.0,60395.0,60395.0,TP,586.0,49.54053,536.45947,2024H2,0
TF=5m|ST=10x2.0|M3,2024-07-01 08:00:00,short,63444.5,63580.5,63036.5,63036.5,TP,408.0,52.308869,355.691131,2024H2,0
TF=5m|ST=10x2.0|M3,2024-07-03 20:30:00,short,60075.5,60304.5,59388.5,60305.0,SL,-229.5,71.024495,-300.524495,2024H2,0
TF=5m|ST=10x2.0|M3,2024-07-04 02:35:00,long,59809.0,59516.0,60688.0,59515.5,SL,-293.5,70.401455,-363.901455,2024H2,0
TF=5m|ST=10x2.0|M5,2024-07-01 08:00:00,short,63444.5,63580.5,62764.5,62764.5,TP,680.0,52.244676999999996,627.755323,2024H2,0
TF=5m|ST=10x2.0|M5,2024-07-03 20:30:00,short,60075.5,60304.5,58930.5,60305.0,SL,-229.5,71.024495,-300.524495,2024H2,0
TF=5m|ST=10x2.0|M5,2024-07-04 02:35:00,long,59809.0,59516.0,61274.0,59515.5,SL,-293.5,70.401455,-363.901455,2024H2,0
TF=5m|ST=10x2.0|STFLIP,2024-07-01 08:00:00,short,63444.5,63580.5,0.0,63422.5,STFLIP,22.0,74.85153,-52.85153,2024H2,0
TF=5m|ST=10x2.0|STFLIP,2024-07-03 20:30:00,short,60075.5,60304.5,0.0,60305.0,SL,-229.5,71.024495,-300.524495,2024H2,1
TF=5m|ST=10x2.0|STFLIP,2024-07-04 02:35:00,long,59809.0,59516.0,0.0,60253.0,STFLIP,444.0,70.83658,373.16342,2024H2,0
TF=5m|ST=10x3.0|M2,2024-07-03 20:30:00,short,60075.5,60304.5,59617.5,60305.0,SL,-229.5,71.024495,-300.524495,2024H2,0
TF=5m|ST=10x3.0|M3,2024-07-03 20:30:00,short,60075.5,60304.5,59388.5,60305.0,SL,-229.5,71.024495,-300.524495,2024H2,0
TF=5m|ST=10x3.0|M5,2024-07-03 20:30:00,short,60075.5,60304.5,58930.5,60305.0,SL,-229.5,71.024495,-300.524495,2024H2,0
TF=5m|ST=10x3.0|STFLIP,2024-07-03 20:30:00,short,60075.5,60304.5,0.0,60305.0,SL,-229.5,71.024495,-300.524495,2024H2,0
TF=5m|ST=20x1.0|M2,2024-07-01 15:00:00,long,62946.5,62845.5,63148.5,62845.0,SL,-101.5,74.216985,-175.716985,2024H2,0
TF=5m|ST=20x1.0|M2,2024-07-02 09:40:00,long,63211.0,63168.5,63296.0,63168.0,SL,-43.0,74.56361,-117.56361,2024H2,0
TF=5m|ST=20x1.0|M2,2024-07-02 11:55:00,short,62896.5,62987.0,62715.5,62715.5,TP,181.0,51.909793,129.090207,2024H2,0
TF=5m|ST=20x1.0|M2,2024-07-02 15:10:00,short,62675.5,62710.5,62605.5,62711.0,SL,-35.5,73.97803499999999,-109.47803499999999,2024H2,0
TF=5m|ST=20x1.0|M2,2024-07-03 05:00:00,short,62088.5,62143.5,61978.5,62156.0,SL,-67.5,73.304255,-140.804255,2024H2,0
TF=5m|ST=20x1.0|M2,2024-07-03 16:55:00,short,60225.5,60405.0,59866.5,60405.5,SL,-180.0,71.17229,-251.17229,2024H2,0
TF=5m|ST=20x1.0|M2,2024-07-04 00:15:00,short,60311.0,60447.0,60039.0,60039.0,TP,272.0,49.752694,222.247306,2024H2,0
TF=5m|ST=20x1.0|M2,2024-07-04 02:35:00,long,59809.0,59516.0,60395.0,60395.0,TP,586.0,49.54053,536.45947,2024H2,0
TF=5m|ST=20x1.0|M3,2024-07-01 15:00:00,long,62946.5,62845.5,63249.5,62845.0,SL,-101.5,74.216985,-175.716985,2024H2,0
TF=5m|ST=20x1.0|M3,2024-07-02 09:40:00,long,63211.0,63168.5,63338.5,63168.0,SL,-43.0,74.56361,-117.56361,2024H2,0
TF=5m|ST=20x1.0|M3,2024-07-02 11:55:00,short,62896.5,62987.0,62625.0,62625.0,TP,271.5,51.888435,219.61156499999998,2024H2,0
TF=5m|ST=20x1.0|M3,2024-07-02 15:10:00,short,62675.5,62710.5,62570.5,62711.0,SL,-35.5,73.97803499999999,-109.47803499999999,2024H2,0
TF=5m|ST=20x1.0|M3,2024-07-03 05:00:00,short,62088.5,62143.5,61923.5,62156.0,SL,-67.5,73.304255,-140.804255,2024H2,0
TF=5m|ST=20x1.0|M3,2024-07-03 16:55:00,short,60225.5,60405.0,59687.0,60405.5,SL,-180.0,71.17229,-251.17229,2024H2,0
TF=5m|ST=20x1.0|M3,2024-07-04 00:15:00,short,60311.0,60447.0,59903.0,59903.0,TP,408.0,49.720597999999995,358.279402,2024H2,0
TF=5m|ST=20x1.0|M3,2024-07-04 02:35:00,long,59809.0,59516.0,60688.0,59515.5,SL,-293.5,70.401455,-363.901455,2024H2,0
TF=5m|ST=20x1.0|M5,2024-07-01 15:00:00,long,62946.5,62845.5,63451.5,62845.0,SL,-101.5,74.216985,-175.716985,2024H2,0
TF=5m|ST=20x1.0|M5,2024-07-02 09:40:00,long,63211.0,63168.5,63423.5,63168.0,SL,-43.0,74.56361,-117.56361,2024H2,0
TF=5m|ST=20x1.0|M5,2024-07-02 11:55:00,short,62896.5,62987.0,62444.0,62444.0,TP,452.5,51.845719,400.65428099999997,2024H2,0
TF=5m|ST=20x1.0|M5,2024-07-02 15:10:00,short,62675.5,62710.5,62500.5,62711.0,SL,-35.5,73.97803499999999,-109.47803499999999,2024H2,0
TF=5m|ST=20x1.0|M5,2024-07-03 05:00:00,short,62088.5,62143.5,61813.5,62156.0,SL,-67.5,73.304255,-140.804255,2024H2,0
TF=5m|ST=20x1.0|M5,2024-07-03 16:55:00,short,60225.5,60405.0,59328.0,60405.5,SL,-180.0,71.17229,-251.17229,2024H2,0
TF=5m|ST=20x1.0|M5,2024-07-04 00:15:00,short,60311.0,60447.0,59631.0,59631.0,TP,680.0,49.656406,630.343594,2024H2,0
TF=5m|ST=20x1.0|M5,2024-07-04 02:35:00,long,59809.0,59516.0,61274.0,59515.5,SL,-293.5,70.401455,-363.901455,2024H2,0
TF=5m|ST=20x1.0|STFLIP,2024-07-01 15:00:00,long,62946.5,62845.5,0.0,62854.0,STFLIP,-92.5,74.222295,-166.722295,2024H2,0
TF=5m|ST=20x1.0|STFLIP,2024-07-02 09:40:00,long,63211.0,63168.5,0.0,63168.0,SL,-43.0,74.56361,-117.56361,2024H2,1
TF=5m|ST=20x1.0|STFLIP,2024-07-02 11:55:00,short,62896.5,62987.0,0.0,62919.0,STFLIP,-22.5,74.231145,-96.731145,2024H2,0
TF=5m|ST=20x1.0|STFLIP,2024-07-02 15:10:00,short,62675.5,62710.5,0.0,62711.0,SL,-35.5,73.97803499999999,-109.47803499999999,2024H2,0
TF=5m|ST=20x1.0|STFLIP,2024-07-03 05:00:00,short,62088.5,62143.5,0.0,62156.0,SL,-67.5,73.304255,-140.804255,2024H2,0
TF=5m|ST=20x1.0|STFLIP,2024-07-03 16:55:00,short,60225.5,60405.0,0.0,60366.5,STFLIP,-141.0,71.14928,-212.14928,2024H2,0
TF=5m|ST=20x1.0|STFLIP,2024-07-04 00:15:00,short,60311.0,60447.0,0.0,59809.0,STFLIP,502.0,70.8708,431.12919999999997,2024H2,0
TF=5m|ST=20x1.0|STFLIP,2024-07-04 05:00:00,short,60280.0,60380.5,0.0,60381.0,SL,-101.0,71.18999,-172.18999,2024H2,1
TF=5m|ST=20x2.0|M2,2024-07-01 08:00:00,short,63444.5,63580.5,63172.5,63172.5,TP,272.0,52.340965,219.65903500000002,2024H2,0
TF=5m|ST=20x2.0|M2,2024-07-03 20:50:00,long,60435.5,60204.0,60898.5,60203.5,SL,-232.0,71.17701,-303.17701,2024H2,0
TF=5m|ST=20x2.0|M2,2024-07-04 02:35:00,long,59809.0,59516.0,60395.0,60395.0,TP,586.0,49.54053,536.45947,2024H2,0
TF=5m|ST=20x2.0|M3,2024-07-01 08:00:00,short,63444.5,63580.5,63036.5,63036.5,TP,408.0,52.308869,355.691131,2024H2,0
TF=5m|ST=20x2.0|M3,2024-07-03 20:50:00,long,60435.5,60204.0,61130.0,60203.5,SL,-232.0,71.17701,-303.17701,2024H2,0
TF=5m|ST=20x2.0|M3,2024-07-04 02:35:00,long,59809.0,59516.0,60688.0,59515.5,SL,-293.5,70.401455,-363.901455,2024H2,0
TF=5m|ST=20x2.0|M5,2024-07-01 08:00:00,short,63444.5,63580.5,62764.5,62764.5,TP,680.0,52.244676999999996,627.755323,2024H2,0
TF=5m|ST=20x2.0|M5,2024-07-03 20:50:00,long,60435.5,60204.0,61593.0,60203.5,SL,-232.0,71.17701,-303.17701,2024H2,0
TF=5m|ST=20x2.0|M5,2024-07-04 02:35:00,long,59809.0,59516.0,61274.0,59515.5,SL,-293.5,70.401455,-363.901455,2024H2,0
TF=5m|ST=20x2.0|STFLIP,2024-07-01 08:00:00,short,63444.5,63580.5,0.0,63437.0,STFLIP,7.5,74.860085,-67.360085,2024H2,0
TF=5m|ST=20x2.0|STFLIP,2024-07-03 20:50:00,long,60435.5,60204.0,0.0,60203.5,SL,-232.0,71.17701,-303.17701,2024H2,0
TF=5m|ST=20x2.0|STFLIP,2024-07-04 02:35:00,long,59809.0,59516.0,0.0,60284.5,STFLIP,475.5,70.855165,404.644835,2024H2,0
TF=5m|ST=20x3.0|M2,2024-07-03 20:30:00,short,60075.5,60304.5,59617.5,60305.0,SL,-229.5,71.024495,-300.524495,2024H2,0
TF=5m|ST=20x3.0|M3,2024-07-03 20:30:00,short,60075.5,60304.5,59388.5,60305.0,SL,-229.5,71.024495,-300.524495,2024H2,0
TF=5m|ST=20x3.0|M5,2024-07-03 20:30:00,short,60075.5,60304.5,58930.5,60305.0,SL,-229.5,71.024495,-300.524495,2024H2,0
TF=5m|ST=20x3.0|STFLIP,2024-07-03 20:30:00,short,60075.5,60304.5,0.0,60305.0,SL,-229.5,71.024495,-300.524495,2024H2,0
